days_until_due,is_overdue,has_due_date,checklist_total,checklist_done,checklist_ratio,priority_encoded,num_assignees,num_labels,description_len,title_len,task_age_days,status_encoded,priority_score,priority_level
11,0,1,0,0,0.0,2,2,1,432,21,3,0,44,Medium
-5,1,1,5,2,0.4,2,4,3,334,10,26,0,75,High
0,0,0,1,1,1.0,1,2,3,238,50,7,0,48,Medium
-1,1,1,22,3,0.136,3,3,4,1926,44,28,1,94,Critical
3,0,1,14,2,0.143,2,4,4,420,17,35,2,76,High
0,0,0,1,1,1.0,0,2,1,273,54,42,0,43,Medium
7,0,1,10,1,0.1,2,3,3,331,56,32,0,48,Medium
0,0,0,2,1,0.5,0,3,2,448,45,34,1,49,Medium
-9,1,1,22,5,0.227,3,3,5,697,37,135,2,98,Critical
26,0,1,2,1,0.5,2,0,0,38,34,14,1,12,Low
2,0,1,14,4,0.286,3,4,2,244,11,44,0,67,High
-9,1,1,17,2,0.118,2,2,3,1385,24,166,0,92,Critical
-4,1,1,12,5,0.417,4,1,1,600,26,34,1,74,High
-21,1,1,8,2,0.25,2,3,4,436,51,41,1,90,Critical
-5,1,1,5,3,0.6,3,3,2,809,17,63,1,71,High
0,0,0,2,1,0.5,0,1,0,286,59,13,2,13,Low
0,0,0,2,1,0.5,0,0,2,240,33,7,0,9,Low
15,0,1,2,1,0.5,2,2,0,222,44,11,1,12,Low
0,0,0,4,2,0.5,2,2,1,63,20,9,1,13,Low
12,0,1,5,4,0.8,2,1,1,218,40,33,1,46,Medium
16,0,1,6,3,0.5,1,0,1,294,56,6,1,14,Low
6,0,1,4,1,0.25,2,1,1,453,48,40,2,49,Medium
3,0,1,5,1,0.2,4,2,4,760,21,26,1,75,High
14,0,1,12,5,0.417,2,2,1,559,50,39,2,49,Medium
-12,1,1,7,2,0.286,3,5,3,1975,32,132,0,98,Critical
0,0,0,7,3,0.429,4,2,2,706,21,65,2,90,Critical
33,0,1,1,0,0.0,2,2,0,101,58,2,1,9,Low
2,0,1,8,5,0.625,4,4,2,495,54,29,1,71,High
56,0,1,5,2,0.4,1,0,0,132,20,10,0,8,Low
0,0,0,2,1,0.5,3,1,1,484,25,36,1,50,Medium
18,0,1,5,2,0.4,2,1,0,198,56,19,0,42,Medium
-15,1,1,7,1,0.143,4,5,5,351,23,161,1,96,Critical
16,0,1,5,3,0.6,2,2,3,212,8,41,0,44,Medium
28,0,1,3,1,0.333,0,2,1,278,44,7,1,10,Low
4,0,1,3,1,0.333,0,0,3,589,49,38,2,51,Medium
13,0,1,2,1,0.5,1,1,2,410,40,36,0,46,Medium
17,0,1,2,1,0.5,1,3,1,496,8,8,0,42,Medium
59,0,1,3,0,0.0,1,1,1,233,12,17,0,10,Low
4,0,1,13,5,0.385,2,4,2,507,20,75,1,69,High
0,0,0,9,3,0.333,2,0,3,339,34,7,2,48,Medium
0,0,1,11,6,0.545,1,4,3,691,48,69,2,70,High
-17,1,1,21,9,0.429,4,5,3,548,24,58,0,96,Critical
-12,1,1,18,8,0.444,4,4,5,1931,44,91,0,92,Critical
0,0,0,3,1,0.333,0,2,0,117,57,19,1,11,Low
-3,1,1,7,3,0.429,4,3,4,229,18,32,0,71,High
0,0,0,12,4,0.333,4,5,4,384,45,115,0,91,Critical
53,0,1,6,2,0.333,1,2,0,209,55,3,0,11,Low
0,0,0,2,1,0.5,0,0,1,120,15,11,0,12,Low
-26,1,1,11,2,0.182,3,2,3,1400,25,69,2,96,Critical
-5,1,1,23,10,0.435,3,4,2,556,57,81,0,96,Critical
0,0,0,0,0,0.0,1,1,1,55,36,15,1,8,Low
19,0,1,5,3,0.6,2,2,0,564,17,14,1,48,Medium
-5,1,1,11,6,0.545,2,3,1,470,17,52,2,75,High
0,0,0,5,2,0.4,1,1,2,273,33,2,0,43,Medium
12,0,1,0,0,0.0,1,0,0,50,36,44,0,40,Medium
5,0,1,11,1,0.091,2,3,1,275,15,57,2,68,High
0,0,0,3,1,0.333,2,1,0,160,28,18,0,10,Low
-18,1,1,17,2,0.118,3,4,4,653,57,99,1,93,Critical
-6,1,1,7,2,0.286,3,3,5,1150,47,158,1,96,Critical
36,0,1,2,1,0.5,1,0,2,39,43,20,2,8,Low
4,0,1,0,0,0.0,2,2,0,448,47,29,1,47,Medium
0,0,0,1,1,1.0,2,0,1,76,50,10,0,12,Low
0,0,0,6,2,0.333,0,0,1,260,20,11,0,9,Low
0,0,0,0,0,0.0,2,1,0,84,31,14,0,8,Low
18,0,1,2,1,0.5,0,1,1,288,24,25,1,45,Medium
-25,1,1,21,15,0.714,4,3,5,387,31,70,2,100,Critical
0,0,0,3,1,0.333,3,2,2,480,23,29,1,42,Medium
15,0,1,3,1,0.333,0,0,0,180,41,7,1,6,Low
-5,1,1,4,3,0.75,3,3,2,800,29,87,0,75,High
43,0,1,1,1,1.0,2,2,0,158,26,16,0,9,Low
0,0,0,5,2,0.4,0,1,1,265,13,8,1,10,Low
0,0,1,9,2,0.222,2,3,1,126,36,88,1,71,High
14,0,1,0,0,0.0,2,1,1,285,9,16,2,43,Medium
0,0,0,10,2,0.2,3,2,1,188,42,16,1,63,High
-2,1,1,6,4,0.667,2,4,1,419,12,77,1,76,High
0,0,0,19,5,0.263,3,5,4,462,11,155,1,88,Critical
32,0,1,2,1,0.5,0,1,0,155,46,19,1,11,Low
27,0,1,2,1,0.5,0,1,1,148,12,20,2,8,Low
36,0,1,1,0,0.0,0,0,0,62,44,8,0,7,Low
15,0,1,2,1,0.5,2,0,1,481,33,19,1,44,Medium
0,0,0,0,0,0.0,1,0,1,347,56,36,2,45,Medium
23,0,1,0,0,0.0,0,1,0,153,40,18,0,9,Low
60,0,1,3,0,0.0,0,0,1,296,57,18,0,4,Low
-26,1,1,11,5,0.455,3,5,5,1987,37,29,1,98,Critical
9,0,1,3,1,0.333,0,3,3,295,54,14,1,49,Medium
0,0,0,0,0,0.0,1,2,1,245,42,6,0,7,Low
-23,1,1,6,3,0.5,3,2,5,876,38,134,0,99,Critical
-13,1,1,6,0,0.0,3,3,5,1915,26,59,2,92,Critical
45,0,1,1,0,0.0,0,0,0,83,47,14,1,8,Low
-20,1,1,5,4,0.8,2,4,5,682,27,128,1,99,Critical
0,0,0,7,3,0.429,2,1,1,382,46,27,1,47,Medium
-14,1,1,22,11,0.5,4,3,3,871,36,147,1,97,Critical
0,0,0,0,0,0.0,1,0,1,32,12,17,2,9,Low
0,0,0,9,3,0.333,2,3,1,552,54,9,1,51,Medium
-2,1,1,8,2,0.25,3,2,3,243,23,21,0,65,High
10,0,1,1,1,1.0,2,1,2,589,50,21,1,49,Medium
-13,1,1,16,4,0.25,3,5,4,1626,22,120,1,100,Critical
10,0,1,0,0,0.0,2,1,1,548,32,13,0,48,Medium
13,0,1,7,5,0.714,2,3,0,490,26,16,1,48,Medium
0,0,0,15,14,0.933,3,3,4,840,45,119,0,94,Critical
13,0,1,4,1,0.25,2,1,0,360,11,11,0,41,Medium
-28,1,1,5,3,0.6,3,3,5,964,8,29,1,93,Critical
16,0,1,6,2,0.333,1,1,1,539,44,17,2,50,Medium
15,0,1,0,0,0.0,2,0,0,511,29,28,1,41,Medium
0,0,0,1,0,0.0,1,0,1,16,53,5,2,11,Low
15,0,1,12,3,0.25,1,2,1,354,46,4,0,45,Medium
0,0,0,13,5,0.385,3,4,1,840,58,86,1,67,High
-3,1,1,9,3,0.333,4,4,4,155,8,10,0,77,High
15,0,1,3,2,0.667,2,0,0,282,37,27,0,47,Medium
5,0,1,5,1,0.2,1,3,3,667,48,32,1,67,High
-12,1,1,10,2,0.2,2,2,5,1650,34,67,1,94,Critical
4,0,1,9,6,0.667,3,4,1,859,18,53,1,73,High
14,0,1,1,0,0.0,2,1,1,113,9,14,0,11,Low
-2,1,1,8,4,0.5,2,4,1,498,49,64,1,73,High
2,0,1,9,5,0.556,3,2,2,705,8,62,1,67,High
34,0,1,1,0,0.0,2,1,2,160,19,19,0,6,Low
-25,1,1,9,3,0.333,4,5,5,1421,19,49,1,92,Critical
-3,1,1,9,6,0.667,3,4,4,751,18,69,1,75,High
0,0,1,15,2,0.133,2,1,4,609,10,34,2,74,High
4,0,1,14,8,0.571,2,4,2,680,46,24,2,73,High
0,0,0,4,1,0.25,2,2,0,67,17,7,0,13,Low
-22,1,1,16,7,0.438,3,5,5,870,50,162,0,100,Critical
12,0,1,5,4,0.8,2,1,1,49,36,3,0,51,Medium
-1,1,1,8,2,0.25,4,3,1,430,49,90,0,71,High
0,0,1,9,4,0.444,2,2,4,122,56,36,1,72,High
-24,1,1,9,1,0.111,3,5,5,1961,35,69,0,96,Critical
0,0,0,3,2,0.667,1,1,2,302,39,42,0,43,Medium
1,0,1,13,1,0.077,3,2,4,838,48,16,0,72,High
-28,1,1,11,9,0.818,3,3,4,1000,54,164,1,99,Critical
-9,1,1,8,6,0.75,3,2,3,1636,57,16,0,94,Critical
5,0,1,0,0,0.0,2,3,0,161,44,17,1,42,Medium
-1,1,1,6,5,0.833,4,5,3,859,40,77,1,94,Critical
0,0,0,0,0,0.0,0,1,0,149,55,18,1,7,Low
0,0,0,0,0,0.0,1,1,1,4,50,10,0,7,Low
0,0,0,0,0,0.0,2,0,2,211,55,11,0,7,Low
0,0,0,7,3,0.429,3,3,4,767,45,48,1,66,High
43,0,1,0,0,0.0,1,1,2,20,28,6,1,7,Low
39,0,1,3,2,0.667,0,0,0,71,31,3,0,6,Low
55,0,1,4,2,0.5,1,2,0,21,30,14,0,9,Low
1,0,1,10,2,0.2,1,1,1,336,59,56,0,72,High
0,0,1,5,3,0.6,3,1,3,661,22,35,0,75,High
0,0,0,17,9,0.529,4,4,3,560,44,74,1,92,Critical
-29,1,1,12,2,0.167,4,2,5,201,28,98,2,94,Critical
5,0,1,4,2,0.5,3,3,3,380,28,24,2,66,High
12,0,1,0,0,0.0,1,0,2,586,57,26,2,43,Medium
0,0,0,1,1,1.0,3,1,2,90,14,43,1,45,Medium
38,0,1,2,1,0.5,2,1,0,37,32,1,0,11,Low
0,0,0,3,1,0.333,1,1,0,169,14,6,2,8,Low
4,0,1,4,1,0.25,3,1,2,224,39,88,1,67,High
-16,1,1,12,4,0.333,3,4,2,509,60,38,0,93,Critical
-5,1,1,11,4,0.364,2,2,1,825,48,64,0,68,High
11,0,1,1,1,1.0,2,1,2,115,58,27,0,45,Medium
11,0,1,5,2,0.4,2,1,1,339,25,45,0,45,Medium
0,0,0,4,3,0.75,2,1,1,416,27,32,1,44,Medium
17,0,1,4,1,0.25,1,1,0,237,38,16,0,11,Low
-3,1,1,15,10,0.667,1,2,2,712,57,35,1,69,High
0,0,0,9,2,0.222,1,3,1,223,46,30,0,47,Medium
59,0,1,0,0,0.0,0,1,0,29,28,19,0,7,Low
4,0,1,8,7,0.875,2,2,4,978,24,52,1,73,High
-1,1,1,8,3,0.375,3,3,3,649,20,44,1,76,High
-17,1,1,19,11,0.579,2,3,4,1966,8,60,1,99,Critical
41,0,1,5,3,0.6,0,1,0,102,8,11,2,8,Low
4,0,1,3,2,0.667,2,1,1,137,59,22,2,47,Medium
-10,1,1,17,10,0.588,3,4,2,1416,38,26,1,91,Critical
7,0,1,1,0,0.0,2,0,0,108,53,32,0,45,Medium
-4,1,1,12,6,0.5,1,4,2,142,26,72,0,71,High
6,0,1,6,2,0.333,3,2,0,366,15,29,2,51,Medium
0,0,0,0,0,0.0,3,1,1,582,47,44,1,50,Medium
-27,1,1,19,13,0.684,2,2,2,735,29,94,0,95,Critical
7,0,1,0,0,0.0,1,2,0,480,12,32,2,47,Medium
-4,1,1,15,2,0.133,3,4,1,927,34,70,1,75,High
55,0,1,5,3,0.6,0,2,2,169,14,17,1,10,Low
4,0,1,7,2,0.286,0,2,1,260,20,40,0,48,Medium
56,0,1,4,1,0.25,0,0,1,283,16,13,1,7,Low
10,0,1,3,1,0.333,2,0,1,524,21,20,2,50,Medium
0,0,0,0,0,0.0,2,1,1,584,51,43,1,46,Medium
-9,1,1,13,3,0.231,4,3,4,1599,30,78,0,99,Critical
12,0,1,1,0,0.0,1,3,3,320,36,36,0,47,Medium
0,0,0,0,0,0.0,0,2,0,177,10,33,0,42,Medium
7,0,1,6,2,0.333,0,2,2,308,19,32,1,46,Medium
0,0,0,4,2,0.5,1,1,1,287,51,20,0,13,Low
-6,1,1,21,4,0.19,4,5,5,289,51,89,2,97,Critical
0,0,0,2,1,0.5,1,1,0,55,32,12,1,39,Low
4,0,1,8,5,0.625,1,0,2,308,38,39,0,45,Medium
14,0,1,10,6,0.6,0,0,0,586,54,39,0,43,Medium
25,0,1,4,2,0.5,0,2,2,236,39,20,1,10,Low
-20,1,1,14,2,0.143,3,3,4,1854,49,94,2,96,Critical
3,0,1,13,2,0.154,4,1,3,929,9,24,2,68,High
-2,1,1,20,13,0.65,2,3,4,1003,13,71,2,96,Critical
-16,1,1,23,10,0.435,4,3,5,934,21,24,1,92,Critical
19,0,1,3,2,0.667,1,1,1,385,22,42,0,46,Medium
8,0,1,5,3,0.6,2,1,0,121,21,43,0,47,Medium
-2,1,1,6,5,0.833,3,3,4,568,50,146,2,95,Critical
-3,1,1,15,8,0.533,2,2,3,221,9,50,2,68,High
4,0,1,10,6,0.6,0,0,2,552,10,1,2,46,Medium
0,0,0,3,3,1.0,0,0,1,42,8,9,1,8,Low
5,0,1,7,2,0.286,2,4,3,676,19,42,2,71,High
0,0,0,9,6,0.667,1,3,0,520,59,26,1,44,Medium
-18,1,1,17,5,0.294,2,4,2,1784,26,58,1,98,Critical
-3,1,1,7,4,0.571,4,4,3,735,43,57,1,71,High
30,0,1,3,2,0.667,2,1,0,59,32,16,2,12,Low
6,0,1,11,7,0.636,2,1,2,323,60,27,2,48,Medium
-1,1,1,20,7,0.35,2,3,3,1706,17,75,2,89,Critical
0,0,0,0,0,0.0,0,2,2,294,56,8,0,11,Low
19,0,1,9,4,0.444,2,2,1,8,19,1,1,46,Medium
0,0,1,9,6,0.667,3,3,4,234,23,80,0,72,High
-26,1,1,25,9,0.36,2,4,5,814,60,78,1,94,Critical
0,0,0,4,2,0.5,2,2,2,590,40,37,1,49,Medium
-5,1,1,18,4,0.222,2,5,2,362,33,55,1,98,Critical
-5,1,1,6,1,0.167,4,3,1,265,57,28,1,73,High
29,0,1,0,0,0.0,0,1,0,17,28,11,2,7,Low
51,0,1,3,2,0.667,0,1,1,273,34,9,2,7,Low
18,0,1,0,0,0.0,0,1,1,236,20,1,1,42,Medium
1,0,1,11,6,0.545,2,3,3,714,48,75,2,69,High
20,0,1,1,0,0.0,1,0,0,7,52,15,0,10,Low
-24,1,1,13,7,0.538,2,5,2,449,28,77,1,95,Critical
-5,1,1,6,2,0.333,1,1,2,698,8,62,1,74,High
5,0,1,15,6,0.4,2,1,1,414,43,89,0,71,High
-5,1,1,10,4,0.4,3,3,4,244,43,79,0,72,High
60,0,1,6,2,0.333,2,1,0,32,28,17,1,11,Low
-4,1,1,13,3,0.231,4,4,4,588,21,86,1,74,High
0,0,0,1,1,1.0,1,1,2,311,23,5,2,48,Medium
16,0,1,0,0,0.0,0,1,1,161,36,35,2,44,Medium
0,0,0,2,1,0.5,2,1,1,260,46,24,2,42,Medium
-1,1,1,11,2,0.182,1,2,1,88,59,65,1,68,High
6,0,1,3,1,0.333,1,1,0,57,22,22,0,42,Medium
7,0,1,0,0,0.0,2,2,1,456,13,39,1,47,Medium
-28,1,1,18,6,0.333,4,3,3,1184,41,157,0,92,Critical
14,0,1,3,2,0.667,2,2,0,358,22,40,2,42,Medium
0,0,0,0,0,0.0,0,2,0,241,55,0,0,9,Low
-30,1,1,21,18,0.857,4,2,4,548,8,29,1,92,Critical
1,0,1,9,2,0.222,3,1,3,546,9,83,1,66,High
12,0,1,8,2,0.25,2,2,3,30,54,36,2,45,Medium
0,0,0,15,11,0.733,2,5,3,623,41,49,1,92,Critical
-13,1,1,8,5,0.625,2,3,4,1919,36,51,1,93,Critical
-11,1,1,24,12,0.5,3,3,3,672,53,20,1,92,Critical
0,0,0,9,5,0.556,1,2,2,825,28,33,0,71,High
20,0,1,0,0,0.0,2,1,3,251,55,34,1,44,Medium
0,0,0,0,0,0.0,1,2,1,72,36,14,1,9,Low
-5,1,1,12,8,0.667,3,2,4,142,13,39,1,75,High
0,0,0,6,1,0.167,2,3,1,153,57,11,2,41,Medium
45,0,1,3,1,0.333,0,1,0,243,47,14,0,6,Low
-12,1,1,14,3,0.214,2,4,2,300,46,41,1,90,Critical
38,0,1,0,0,0.0,0,1,0,140,41,10,1,6,Low
-11,1,1,14,6,0.429,2,5,4,731,54,148,1,100,Critical
-10,1,1,11,7,0.636,3,5,5,293,27,99,1,98,Critical
8,0,1,3,1,0.333,2,1,0,139,11,31,0,43,Medium
0,0,0,6,2,0.333,0,1,0,384,58,41,1,45,Medium
-1,1,1,7,1,0.143,3,2,1,433,38,11,2,74,High
0,0,0,3,2,0.667,2,1,1,2,10,9,2,12,Low
-1,1,1,8,1,0.125,3,4,1,329,42,26,0,68,High
-20,1,1,6,1,0.167,3,3,2,1164,45,26,0,90,Critical
0,0,0,0,0,0.0,2,2,2,239,51,3,0,14,Low
-3,1,1,13,5,0.385,2,3,3,514,57,69,0,69,High
12,0,1,4,1,0.25,2,2,1,493,44,25,0,51,Medium
17,0,1,1,1,1.0,2,1,1,111,13,44,2,47,Medium
12,0,1,0,0,0.0,2,2,1,583,35,44,0,47,Medium
0,0,0,0,0,0.0,2,1,2,56,23,9,2,10,Low
-3,1,1,9,4,0.444,3,3,4,207,35,43,2,77,High
0,0,0,4,0,0.0,1,2,1,231,25,12,1,47,Medium
-8,1,1,21,8,0.381,4,4,5,1258,50,34,1,94,Critical
46,0,1,0,0,0.0,0,1,2,150,52,9,0,8,Low
-21,1,1,24,5,0.208,2,2,4,1192,25,35,0,90,Critical
-1,1,1,6,3,0.5,2,4,2,868,17,74,2,75,High
-4,1,1,25,4,0.16,4,4,2,307,22,56,1,89,Critical
57,0,1,6,4,0.667,1,0,1,181,24,13,1,12,Low
-8,1,1,15,3,0.2,2,2,2,1903,26,31,0,97,Critical
-4,1,1,4,2,0.5,2,1,2,434,48,89,1,75,High
-1,1,1,9,2,0.222,2,4,3,111,47,40,2,73,High
-22,1,1,7,3,0.429,4,2,4,1791,29,128,0,96,Critical
0,0,0,0,0,0.0,0,2,2,246,30,3,1,8,Low
43,0,1,0,0,0.0,0,1,2,97,14,9,1,5,Low
-12,1,1,17,15,0.882,4,2,4,1223,29,150,2,97,Critical
0,0,0,7,3,0.429,3,0,0,19,60,31,2,42,Medium
0,0,0,2,1,0.5,2,2,2,411,21,21,0,45,Medium
17,0,1,0,0,0.0,2,2,2,385,39,11,0,42,Medium
0,0,0,0,0,0.0,2,1,1,244,10,12,1,43,Medium
-2,1,1,11,6,0.545,4,1,3,933,15,76,1,76,High
-21,1,1,13,10,0.769,4,4,5,288,54,40,1,94,Critical
-23,1,1,11,2,0.182,3,5,3,350,19,134,1,92,Critical
-29,1,1,8,3,0.375,4,5,5,1056,47,57,1,96,Critical
44,0,1,2,1,0.5,0,1,0,167,10,13,1,12,Low
18,0,1,0,0,0.0,2,2,3,135,49,23,0,46,Medium
0,0,0,2,1,0.5,2,1,3,475,26,41,0,49,Medium
-7,1,1,21,13,0.619,2,4,2,427,12,112,1,97,Critical
0,0,0,2,1,0.5,0,1,1,273,41,33,1,45,Medium
-4,1,1,10,3,0.3,3,1,1,450,41,29,1,71,High
-5,1,1,4,1,0.25,3,1,2,904,45,73,1,76,High
-2,1,1,7,1,0.143,3,1,2,411,19,43,1,66,High
-1,1,1,6,3,0.5,3,1,3,402,33,25,1,77,High
12,0,1,12,5,0.417,2,1,0,578,15,29,0,42,Medium
10,0,1,0,0,0.0,1,1,1,89,39,33,0,41,Medium
37,0,1,0,0,0.0,2,1,1,110,34,14,1,12,Low
-28,1,1,14,2,0.143,4,5,4,335,56,165,1,99,Critical
2,0,1,10,2,0.2,2,2,1,860,50,7,0,66,High
0,0,0,14,5,0.357,4,3,4,629,40,62,2,68,High
4,0,1,11,6,0.545,2,1,1,542,56,41,2,46,Medium
20,0,1,0,0,0.0,1,1,2,421,18,22,2,44,Medium
48,0,1,3,1,0.333,0,2,0,67,46,0,0,5,Low
-8,1,1,9,8,0.889,4,3,3,360,58,122,1,95,Critical
-27,1,1,11,3,0.273,2,3,3,1573,30,103,0,91,Critical
9,0,1,7,3,0.429,1,1,3,101,30,14,2,45,Medium
18,0,1,3,2,0.667,1,0,1,394,35,19,1,41,Medium
20,0,1,3,2,0.667,1,0,0,52,54,5,0,12,Low
56,0,1,2,1,0.5,0,0,1,62,12,8,0,5,Low
0,0,0,5,2,0.4,1,1,1,509,56,32,1,44,Medium
20,0,1,0,0,0.0,1,1,1,398,44,32,1,49,Medium
18,0,1,4,0,0.0,1,2,1,62,56,2,1,43,Medium
12,0,1,1,1,1.0,1,1,0,333,59,3,1,47,Medium
-17,1,1,25,12,0.48,4,2,3,788,14,81,0,93,Critical
-14,1,1,18,7,0.389,2,4,3,1048,48,116,1,99,Critical
0,0,0,12,3,0.25,2,1,1,61,35,34,0,44,Medium
5,0,1,9,4,0.444,2,2,1,203,20,31,0,63,High
0,0,0,4,2,0.5,1,0,1,32,16,13,2,10,Low
45,0,1,0,0,0.0,0,2,0,299,55,12,1,6,Low
2,0,1,14,4,0.286,2,1,3,608,27,61,1,75,High
0,0,0,5,1,0.2,2,3,1,124,18,35,2,43,Medium
0,0,0,2,1,0.5,0,2,1,51,55,5,1,11,Low
9,0,1,0,0,0.0,1,1,1,133,58,39,1,47,Medium
-4,1,1,5,1,0.2,3,4,4,904,20,80,0,69,High
50,0,1,3,0,0.0,2,2,1,253,35,3,0,10,Low
-1,1,1,6,3,0.5,1,4,2,428,52,81,1,67,High
10,0,1,10,5,0.5,2,3,1,46,43,1,0,46,Medium
-17,1,1,8,3,0.375,4,4,2,461,56,141,2,95,Critical
56,0,1,0,0,0.0,0,0,0,240,37,8,0,7,Low
7,0,1,7,3,0.429,3,1,0,520,12,18,1,51,Medium
-1,1,1,15,14,0.933,2,3,2,366,49,131,2,98,Critical
-5,1,1,15,9,0.6,3,2,2,1320,18,168,1,94,Critical
0,0,0,0,0,0.0,0,1,2,262,32,6,0,9,Low
-5,1,1,10,4,0.4,2,2,2,557,38,74,1,72,High
4,0,1,5,1,0.2,2,1,2,259,19,23,0,45,Medium
0,0,0,8,6,0.75,2,3,0,189,8,6,1,49,Medium
12,0,1,5,0,0.0,1,3,2,309,35,6,0,43,Medium
-3,1,1,10,7,0.7,2,4,4,70,53,64,1,79,High
-14,1,1,24,16,0.667,3,5,3,1662,34,29,1,96,Critical
-15,1,1,12,3,0.25,4,3,4,1433,58,133,0,93,Critical
8,0,1,1,0,0.0,1,3,1,214,60,36,0,43,Medium
13,0,1,12,7,0.583,1,1,0,527,56,39,1,50,Medium
-10,1,1,11,7,0.636,4,4,3,1691,15,88,1,100,Critical
-4,1,1,14,10,0.714,3,4,3,694,34,38,0,80,Critical
3,0,1,4,1,0.25,1,3,3,461,53,28,1,72,High
0,0,0,4,1,0.25,1,2,1,75,52,12,0,9,Low
7,0,1,0,0,0.0,2,1,1,348,9,41,0,46,Medium
14,0,1,0,0,0.0,2,2,3,459,8,20,1,51,Medium
10,0,1,11,3,0.273,2,2,2,386,37,34,1,51,Medium
14,0,1,4,1,0.25,1,2,3,598,37,32,1,46,Medium
0,0,0,10,2,0.2,2,0,1,296,9,3,1,50,Medium
2,0,1,11,3,0.273,4,3,1,941,38,12,1,74,High
13,0,1,5,3,0.6,3,1,3,347,18,35,0,44,Medium
20,0,1,1,1,1.0,1,2,1,19,53,8,1,46,Medium
0,0,0,0,0,0.0,2,1,1,93,42,8,2,42,Medium
-20,1,1,6,1,0.167,4,4,5,402,40,95,0,93,Critical
10,0,1,1,1,1.0,0,1,0,568,21,42,1,50,Medium
16,0,1,0,0,0.0,2,2,0,246,51,8,1,7,Low
12,0,1,0,0,0.0,3,1,1,442,59,14,1,45,Medium
0,0,0,10,0,0.0,3,3,1,985,34,24,1,71,High
17,0,1,3,1,0.333,1,2,1,8,47,8,1,41,Medium
9,0,1,6,2,0.333,3,1,1,565,16,13,1,50,Medium
-5,1,1,14,8,0.571,1,3,4,52,54,61,1,69,High
-30,1,1,12,6,0.5,2,5,2,711,59,64,0,95,Critical
0,0,0,4,0,0.0,0,1,1,48,58,20,0,5,Low
12,0,1,4,2,0.5,1,1,3,10,51,30,0,47,Medium
-24,1,1,9,4,0.444,2,4,4,1062,49,137,1,94,Critical
-5,1,1,13,7,0.538,2,2,1,293,48,71,2,78,High
13,0,1,0,0,0.0,1,1,2,43,8,32,0,48,Medium
0,0,0,4,1,0.25,1,0,0,183,31,0,1,9,Low
-3,1,1,5,1,0.2,3,3,1,71,59,24,1,76,High
38,0,1,2,1,0.5,0,1,2,300,25,6,2,9,Low
5,0,1,12,6,0.5,2,2,1,531,38,30,0,46,Medium
1,0,1,9,2,0.222,3,4,2,912,22,54,1,71,High
38,0,1,0,0,0.0,2,0,2,150,49,16,1,6,Low
-1,1,1,15,14,0.933,3,3,2,772,60,84,2,70,High
0,0,0,0,0,0.0,0,2,1,528,56,38,1,44,Medium
42,0,1,0,0,0.0,1,1,0,4,30,15,1,7,Low
-5,1,1,5,1,0.2,1,3,4,440,36,33,2,74,High
9,0,1,0,0,0.0,3,1,1,465,8,4,0,45,Medium
9,0,1,2,1,0.5,3,2,1,588,33,20,1,47,Medium
-10,1,1,19,5,0.263,2,4,4,1000,50,170,2,100,Critical
-1,1,1,4,1,0.25,2,2,4,471,34,77,0,72,High
15,0,1,0,0,0.0,0,0,3,334,39,43,1,44,Medium
-5,1,1,5,2,0.4,2,3,1,597,51,57,0,73,High
12,0,1,0,0,0.0,2,1,1,255,20,24,2,46,Medium
5,0,1,5,1,0.2,3,1,4,574,33,20,2,67,High
2,0,1,13,5,0.385,3,3,3,94,53,15,2,72,High
0,0,0,0,0,0.0,0,1,2,162,9,15,0,9,Low
53,0,1,0,0,0.0,0,1,0,40,39,1,0,4,Low
0,0,0,2,1,0.5,1,1,1,212,21,20,1,13,Low
13,0,1,6,1,0.167,2,0,0,144,37,14,0,42,Medium
-1,1,1,10,3,0.3,1,1,3,457,60,55,0,75,High
3,0,1,7,4,0.571,2,4,4,363,20,65,1,70,High
0,0,0,2,1,0.5,0,1,1,209,24,1,2,10,Low
-17,1,1,12,5,0.417,3,5,2,1865,37,106,1,93,Critical
-8,1,1,17,6,0.353,2,2,3,1994,32,122,0,92,Critical
0,0,0,0,0,0.0,1,2,2,6,8,11,2,43,Medium
-26,1,1,10,1,0.1,4,2,5,1361,34,68,0,91,Critical
-30,1,1,20,6,0.3,3,5,2,219,56,29,1,96,Critical
-2,1,1,13,13,1.0,1,4,4,675,33,14,2,71,High
0,0,0,5,1,0.2,2,1,1,192,28,1,2,44,Medium
0,0,0,6,4,0.667,1,1,0,99,51,4,2,14,Low
8,0,1,1,0,0.0,1,2,0,334,15,25,1,44,Medium
4,0,1,8,3,0.375,4,4,4,719,29,89,2,75,High
14,0,1,0,0,0.0,1,1,1,186,46,4,1,12,Low
5,0,1,12,6,0.5,3,3,2,814,53,11,1,66,High
59,0,1,3,2,0.667,1,0,2,91,35,15,1,10,Low
20,0,1,8,4,0.5,2,1,2,311,21,30,1,47,Medium
0,0,0,11,2,0.182,3,3,0,485,17,12,2,48,Medium
0,0,0,3,2,0.667,1,1,2,195,49,8,1,10,Low
0,0,0,4,2,0.5,2,1,0,333,58,5,1,49,Medium
0,0,1,8,2,0.25,3,3,3,210,13,156,1,92,Critical
3,0,1,10,3,0.3,2,1,1,143,50,37,1,53,Medium
14,0,1,0,0,0.0,2,1,1,167,24,26,1,43,Medium
14,0,1,0,0,0.0,1,2,1,444,46,25,0,43,Medium
-6,1,1,12,3,0.25,4,4,2,400,45,110,2,96,Critical
0,0,0,4,2,0.5,2,2,3,544,55,36,1,49,Medium
2,0,1,15,10,0.667,1,4,3,332,13,61,1,74,High
17,0,1,6,1,0.167,2,2,0,217,42,16,2,14,Low
10,0,1,5,2,0.4,0,2,3,536,39,15,0,46,Medium
33,0,1,0,0,0.0,1,1,0,156,10,20,1,9,Low
0,0,1,5,1,0.2,1,4,3,59,38,19,1,66,High
-3,1,1,14,4,0.286,4,4,1,417,10,32,0,72,High
0,0,0,12,2,0.167,1,3,1,398,51,9,0,44,Medium
-11,1,1,21,9,0.429,4,3,3,775,19,43,2,94,Critical
-3,1,1,12,5,0.417,3,2,1,935,35,13,1,71,High
-5,1,1,13,8,0.615,4,3,2,342,29,67,1,71,High
19,0,1,2,1,0.5,1,1,0,108,42,9,1,41,Medium
-8,1,1,22,8,0.364,4,4,4,1118,46,175,1,100,Critical
-15,1,1,21,14,0.667,3,2,3,1096,18,144,1,96,Critical
10,0,1,0,0,0.0,2,1,1,298,25,3,1,49,Medium
14,0,1,0,0,0.0,1,2,1,136,26,27,2,50,Medium
0,0,0,23,14,0.609,3,2,5,1539,59,79,2,88,Critical
17,0,1,2,1,0.5,2,3,0,288,17,2,0,45,Medium
0,0,0,0,0,0.0,1,2,2,44,13,9,0,47,Medium
0,0,0,0,0,0.0,0,2,3,167,17,20,0,39,Low
16,0,1,0,0,0.0,3,1,1,293,51,15,2,41,Medium
0,0,0,24,11,0.458,4,4,2,938,51,35,2,94,Critical
0,0,1,15,3,0.2,1,1,1,932,38,26,2,69,High
-19,1,1,18,13,0.722,4,5,5,1432,39,176,1,100,Critical
0,0,0,0,0,0.0,1,1,1,17,16,24,1,48,Medium
3,0,1,9,1,0.111,1,2,2,897,9,35,0,68,High
7,0,1,0,0,0.0,2,1,2,153,16,12,1,49,Medium
7,0,1,10,5,0.5,3,1,0,433,27,44,2,54,Medium
-11,1,1,17,9,0.529,4,3,2,1872,31,133,1,100,Critical
-13,1,1,11,4,0.364,4,2,4,584,38,155,1,93,Critical
1,0,1,5,2,0.4,2,1,3,467,26,71,0,66,High
-3,1,1,5,2,0.4,2,3,4,854,57,23,1,73,High
14,0,1,6,3,0.5,2,1,2,255,30,3,0,10,Low
0,0,0,1,0,0.0,2,1,0,209,31,19,2,6,Low
29,0,1,0,0,0.0,0,0,0,291,22,12,2,9,Low
6,0,1,4,3,0.75,0,1,0,350,17,39,1,50,Medium
-5,1,1,20,9,0.45,3,3,2,633,12,19,2,90,Critical
17,0,1,5,2,0.4,2,0,0,214,52,15,0,12,Low
13,0,1,4,0,0.0,3,1,2,416,14,17,1,47,Medium
-2,1,1,12,7,0.583,1,1,3,883,34,53,0,76,High
20,0,1,5,1,0.2,1,2,2,447,59,41,0,48,Medium
17,0,1,1,0,0.0,2,1,1,465,37,36,0,43,Medium
5,0,1,15,1,0.067,3,4,2,54,55,60,0,74,High
-4,1,1,23,5,0.217,4,5,3,1503,14,113,2,99,Critical
0,0,0,0,0,0.0,2,0,0,78,42,0,1,9,Low
10,0,1,0,0,0.0,1,2,2,387,25,17,1,41,Medium
23,0,1,0,0,0.0,1,2,2,106,58,12,0,7,Low
0,0,0,5,3,0.6,2,3,1,975,30,29,1,72,High
-30,1,1,9,1,0.111,3,3,4,435,25,69,0,97,Critical
15,0,1,0,0,0.0,0,2,2,402,57,7,1,44,Medium
13,0,1,5,0,0.0,1,1,1,65,60,29,0,49,Medium
-2,1,1,13,3,0.231,4,3,3,198,43,47,0,73,High
0,0,0,3,2,0.667,0,1,0,163,28,6,0,8,Low
-26,1,1,17,7,0.412,2,2,2,890,28,179,0,94,Critical
6,0,1,0,0,0.0,1,0,0,107,54,21,2,49,Medium
0,0,0,0,0,0.0,0,2,0,168,32,19,1,10,Low
0,0,0,2,1,0.5,0,0,1,295,13,15,1,11,Low
-24,1,1,11,2,0.182,4,5,5,584,56,138,0,93,Critical
42,0,1,3,1,0.333,0,0,0,84,15,9,2,6,Low
0,0,0,9,3,0.333,4,2,2,456,32,71,1,68,High
4,0,1,0,0,0.0,1,3,1,244,25,5,1,48,Medium
27,0,1,1,0,0.0,2,1,0,1,51,3,0,6,Low
-1,1,1,5,3,0.6,1,1,3,535,56,81,0,72,High
45,0,1,4,1,0.25,1,1,0,265,34,19,0,10,Low
19,0,1,0,0,0.0,2,0,1,278,41,14,2,11,Low
4,0,1,8,4,0.5,2,1,4,864,26,65,1,65,High
-12,1,1,20,3,0.15,4,4,2,1081,57,104,1,96,Critical
16,0,1,4,2,0.5,1,1,1,50,59,8,2,9,Low
-10,1,1,10,4,0.4,3,5,5,396,30,49,1,99,Critical
4,0,1,15,5,0.333,1,2,3,180,33,86,1,65,High
0,0,0,12,4,0.333,4,1,3,629,41,68,1,72,High
-5,1,1,12,8,0.667,2,2,1,118,33,7,0,74,High
0,0,0,5,3,0.6,1,2,0,246,14,11,1,42,Medium
-5,1,1,4,2,0.5,3,4,1,644,30,45,0,71,High
36,0,1,3,1,0.333,0,0,0,288,38,10,0,5,Low
14,0,1,0,0,0.0,1,3,0,98,51,43,0,43,Medium
38,0,1,0,0,0.0,0,0,0,37,46,14,1,3,Low
9,0,1,4,0,0.0,2,1,0,541,12,13,0,42,Medium
3,0,1,12,4,0.333,3,2,1,499,11,61,1,68,High
8,0,1,1,0,0.0,0,3,3,512,24,20,0,41,Medium
0,0,1,13,4,0.308,1,1,2,555,30,16,2,72,High
16,0,1,0,0,0.0,2,1,1,116,9,0,2,12,Low
15,0,1,4,2,0.5,1,0,1,376,22,23,0,48,Medium
17,0,1,0,0,0.0,2,0,0,125,33,9,0,6,Low
10,0,1,8,4,0.5,2,1,2,539,47,18,0,45,Medium
7,0,1,2,1,0.5,3,2,3,21,11,32,2,43,Medium
1,0,1,13,5,0.385,2,3,1,604,21,51,2,74,High
6,0,1,12,7,0.583,1,1,1,581,10,34,0,50,Medium
-20,1,1,10,1,0.1,2,5,5,235,34,126,0,90,Critical
-22,1,1,20,8,0.4,4,3,3,1490,45,58,0,100,Critical
-3,1,1,6,2,0.333,4,3,4,423,60,33,1,94,Critical
0,0,0,8,1,0.125,1,4,3,686,40,10,0,66,High
7,0,1,6,1,0.167,2,3,1,588,11,41,1,49,Medium
37,0,1,6,3,0.5,1,1,1,209,22,11,0,10,Low
51,0,1,3,1,0.333,0,1,0,209,18,13,1,5,Low
-8,1,1,7,4,0.571,4,3,5,1064,60,104,0,99,Critical
1,0,1,14,7,0.5,2,4,3,825,40,68,1,71,High
4,0,1,15,6,0.4,3,1,2,354,35,70,1,73,High
0,0,0,6,3,0.5,1,1,0,84,24,3,0,11,Low
0,0,0,1,1,1.0,2,0,1,13,15,11,0,11,Low
-28,1,1,12,4,0.333,3,2,4,520,52,143,1,94,Critical
0,0,0,1,0,0.0,0,0,1,112,20,6,0,6,Low
8,0,1,3,1,0.333,3,1,2,495,39,34,1,44,Medium
0,0,0,0,0,0.0,0,1,0,237,30,10,1,10,Low
-1,1,1,6,2,0.333,3,4,1,625,11,48,1,71,High
9,0,1,1,0,0.0,1,0,1,21,49,25,0,42,Medium
8,0,1,0,0,0.0,0,2,3,36,41,2,1,41,Medium
31,0,1,2,1,0.5,0,2,2,43,42,2,0,10,Low
3,0,1,7,4,0.571,2,3,4,257,34,19,1,66,High
14,0,1,0,0,0.0,1,3,1,237,44,29,0,45,Medium
0,0,0,4,3,0.75,2,2,4,681,34,67,1,67,High
-6,1,1,20,7,0.35,3,5,4,1535,13,74,1,96,Critical
-3,1,1,6,2,0.333,2,5,5,549,26,174,2,93,Critical
24,0,1,0,0,0.0,2,1,1,265,37,19,0,7,Low
13,0,1,0,0,0.0,2,3,1,192,42,13,1,47,Medium
14,0,1,5,2,0.4,0,2,1,156,12,11,1,9,Low
15,0,1,5,4,0.8,2,2,3,484,17,14,0,42,Medium
44,0,1,0,0,0.0,1,1,1,242,41,11,0,7,Low
1,0,1,10,1,0.1,2,3,1,621,30,62,1,70,High
-30,1,1,16,11,0.688,4,3,2,1400,25,93,1,94,Critical
0,0,0,4,1,0.25,1,1,1,558,16,7,0,42,Medium
26,0,1,0,0,0.0,0,1,2,86,31,18,1,7,Low
60,0,1,0,0,0.0,1,1,1,209,8,5,1,5,Low
19,0,1,0,0,0.0,2,1,0,86,31,0,0,12,Low
0,0,0,0,0,0.0,0,0,0,289,20,10,0,4,Low
5,0,1,13,4,0.308,2,2,1,904,59,81,1,72,High
-2,1,1,10,5,0.5,3,3,1,994,44,21,1,76,High
-20,1,1,8,5,0.625,4,3,4,827,33,55,1,95,Critical
-23,1,1,21,7,0.333,3,2,5,1072,46,82,2,93,Critical
0,0,0,7,2,0.286,1,2,3,519,23,57,0,62,High
9,0,1,4,1,0.25,0,1,3,396,46,9,0,42,Medium
0,0,0,10,5,0.5,2,2,2,79,32,42,0,42,Medium
24,0,1,3,1,0.333,1,0,1,51,39,20,2,10,Low
-1,1,1,16,3,0.188,3,5,4,1928,51,150,2,95,Critical
0,0,0,0,0,0.0,2,3,1,51,24,39,1,43,Medium
-1,1,1,12,4,0.333,2,1,3,799,17,11,1,69,High
0,0,0,3,2,0.667,0,0,0,75,13,19,2,10,Low
5,0,1,6,2,0.333,1,1,3,526,56,35,2,43,Medium
-1,1,1,9,2,0.222,3,2,1,850,14,60,1,73,High
54,0,1,3,1,0.333,0,1,0,163,18,11,1,9,Low
9,0,1,5,2,0.4,1,2,1,478,56,2,0,50,Medium
-3,1,1,17,11,0.647,4,3,3,426,21,160,1,99,Critical
0,0,0,0,0,0.0,1,2,1,237,36,9,1,11,Low
6,0,1,4,2,0.5,2,2,2,141,44,40,1,51,Medium
-2,1,1,5,2,0.4,1,4,3,790,46,37,0,74,High
0,0,0,1,0,0.0,0,0,1,208,57,16,2,6,Low
0,0,0,0,0,0.0,0,2,1,225,14,13,1,7,Low
-2,1,1,6,2,0.333,2,3,1,387,29,89,1,73,High
32,0,1,0,0,0.0,2,0,2,81,38,18,1,9,Low
28,0,1,0,0,0.0,2,1,0,260,47,16,0,11,Low
0,0,0,11,4,0.364,2,4,2,545,58,55,0,62,High
0,0,0,0,0,0.0,1,2,1,101,25,22,1,41,Medium
11,0,1,11,8,0.727,1,3,1,467,12,12,0,51,Medium
4,0,1,1,1,1.0,2,1,1,102,15,35,1,50,Medium
40,0,1,0,0,0.0,0,1,1,153,23,8,2,8,Low
-2,1,1,20,8,0.4,2,5,3,566,20,30,1,94,Critical
-11,1,1,9,7,0.778,4,4,3,593,38,115,1,97,Critical
23,0,1,5,1,0.2,1,1,0,288,49,12,1,10,Low
14,0,1,4,1,0.25,3,1,2,220,38,40,1,50,Medium
0,0,0,3,2,0.667,2,1,1,704,55,50,1,68,High
17,0,1,10,7,0.7,2,1,1,298,57,45,0,45,Medium
11,0,1,0,0,0.0,1,1,1,498,11,4,2,45,Medium
0,0,0,3,2,0.667,1,1,1,285,47,3,1,11,Low
0,0,0,0,0,0.0,2,1,1,221,26,0,0,6,Low
0,0,1,13,4,0.308,2,2,3,964,12,80,0,70,High
0,0,0,8,6,0.75,3,1,2,948,36,63,0,65,High
0,0,0,4,2,0.5,2,1,0,162,8,13,0,10,Low
-10,1,1,7,1,0.143,4,5,5,232,10,84,1,94,Critical
-1,1,1,9,1,0.111,3,3,4,2000,24,42,1,95,Critical
-13,1,1,24,12,0.5,4,3,3,405,37,17,1,97,Critical
-1,1,1,13,6,0.462,4,3,1,539,33,70,1,71,High
19,0,1,12,6,0.5,2,1,1,148,58,38,1,42,Medium
2,0,1,6,3,0.5,1,4,4,269,29,65,1,71,High
13,0,1,6,2,0.333,1,1,0,556,36,9,0,45,Medium
0,0,0,3,2,0.667,2,0,1,269,42,19,1,9,Low
7,0,1,9,4,0.444,2,1,3,410,54,19,0,52,Medium
0,0,0,0,0,0.0,3,2,2,248,49,26,1,50,Medium
-7,1,1,9,2,0.222,3,3,5,491,50,84,1,99,Critical
0,0,0,5,3,0.6,0,0,1,218,41,18,0,12,Low
0,0,0,4,2,0.5,0,3,1,282,8,17,1,47,Medium
-8,1,1,24,20,0.833,3,5,5,286,56,168,0,99,Critical
-16,1,1,23,12,0.522,2,2,5,1865,48,174,1,100,Critical
0,0,1,6,3,0.5,3,3,4,852,49,13,1,76,High
-2,1,1,7,3,0.429,3,1,1,704,53,58,1,67,High
-21,1,1,25,5,0.2,2,4,3,1015,33,172,1,95,Critical
0,0,0,2,1,0.5,0,0,2,226,52,1,0,7,Low
4,0,1,10,2,0.2,3,4,2,472,55,30,2,68,High
48,0,1,0,0,0.0,1,2,1,275,58,18,0,8,Low
3,0,1,6,4,0.667,2,4,3,638,9,13,1,67,High
11,0,1,1,0,0.0,1,1,2,136,44,26,0,46,Medium
0,0,0,0,0,0.0,2,2,1,271,54,13,1,9,Low
0,0,0,1,0,0.0,1,2,0,208,53,12,1,7,Low
17,0,1,0,0,0.0,1,2,3,60,18,44,0,47,Medium
5,0,1,2,1,0.5,0,1,1,353,19,7,2,50,Medium
33,0,1,1,0,0.0,0,1,0,51,50,15,0,4,Low
2,0,1,9,4,0.444,3,1,3,110,44,68,2,66,High
54,0,1,0,0,0.0,1,0,0,287,27,15,1,9,Low
-2,1,1,23,4,0.174,3,3,4,1713,11,26,1,95,Critical
9,0,1,2,0,0.0,3,0,1,211,26,37,1,50,Medium
39,0,1,0,0,0.0,2,1,2,216,48,18,1,7,Low
26,0,1,2,1,0.5,0,1,0,229,39,4,1,10,Low
12,0,1,0,0,0.0,2,0,2,206,39,6,1,39,Low
-4,1,1,12,7,0.583,3,3,4,806,57,25,1,78,High
26,0,1,0,0,0.0,0,2,1,115,29,5,1,9,Low
13,0,1,1,0,0.0,3,0,2,329,56,24,0,49,Medium
15,0,1,2,0,0.0,2,1,3,465,48,31,2,48,Medium
-5,1,1,14,5,0.357,3,2,4,178,31,87,1,75,High
0,0,0,8,4,0.5,1,1,2,418,27,24,1,46,Medium
0,0,0,4,3,0.75,0,0,0,290,58,5,0,12,Low
19,0,1,0,0,0.0,1,0,0,54,28,22,2,40,Medium
17,0,1,2,1,0.5,2,2,0,155,38,11,1,50,Medium
16,0,1,0,0,0.0,2,0,0,185,19,14,1,7,Low
-25,1,1,14,4,0.286,4,5,3,427,9,64,2,96,Critical
0,0,0,0,0,0.0,2,0,0,229,25,13,0,7,Low
0,0,0,0,0,0.0,0,2,0,18,29,8,1,7,Low
-2,1,1,7,6,0.857,3,1,4,990,23,17,2,76,High
-5,1,1,24,6,0.25,4,2,3,1393,16,174,2,90,Critical
17,0,1,2,1,0.5,0,0,2,253,36,19,1,7,Low
0,0,0,0,0,0.0,0,1,2,83,45,12,1,7,Low
5,0,1,15,7,0.467,3,2,1,113,36,15,1,66,High
5,0,1,3,2,0.667,1,2,1,307,37,32,0,47,Medium
-18,1,1,5,1,0.2,3,3,4,981,17,175,0,93,Critical
-21,1,1,22,5,0.227,2,4,3,589,50,138,1,93,Critical
0,0,0,9,5,0.556,2,4,1,365,16,87,0,69,High
14,0,1,2,1,0.5,2,3,3,487,28,18,1,52,Medium
-5,1,1,4,1,0.25,3,4,2,688,25,48,0,70,High
28,0,1,5,2,0.4,0,1,0,139,20,10,0,8,Low
38,0,1,0,0,0.0,1,0,0,215,57,2,0,8,Low
-22,1,1,24,6,0.25,4,5,4,533,48,164,0,97,Critical
-5,1,1,3,0,0.0,1,2,4,115,31,15,0,70,High
15,0,1,0,0,0.0,1,1,0,267,49,15,0,39,Low
0,0,0,0,0,0.0,0,1,1,202,26,0,1,9,Low
-5,1,1,4,0,0.0,3,3,2,456,31,34,0,69,High
-1,1,1,10,6,0.6,3,4,2,239,52,21,0,74,High
0,0,0,5,3,0.6,2,1,0,341,56,14,1,49,Medium
-5,1,1,12,6,0.5,1,1,1,330,21,7,1,73,High
-4,1,1,7,2,0.286,3,4,2,173,25,88,1,71,High
1,0,1,9,6,0.667,2,2,1,640,50,12,1,71,High
0,0,0,3,1,0.333,1,1,1,146,31,11,0,11,Low
0,0,0,5,1,0.2,2,4,4,418,51,62,0,68,High
0,0,0,7,5,0.714,2,2,2,405,44,6,2,49,Medium
0,0,1,9,6,0.667,2,4,2,640,17,51,1,73,High
-28,1,1,14,4,0.286,3,3,5,820,57,67,1,97,Critical
-20,1,1,11,4,0.364,4,4,5,1468,39,164,2,98,Critical
-11,1,1,20,6,0.3,2,2,5,279,53,138,1,94,Critical
2,0,1,9,5,0.556,3,1,1,750,44,23,1,72,High
0,0,0,2,1,0.5,2,1,0,158,19,5,0,48,Medium
-4,1,1,5,2,0.4,4,2,1,498,38,70,1,75,High
19,0,1,0,0,0.0,0,0,0,201,42,29,1,42,Medium
7,0,1,4,1,0.25,2,1,0,537,23,43,0,43,Medium
3,0,1,4,3,0.75,1,2,2,928,34,72,0,69,High
0,0,0,6,2,0.333,2,1,1,115,41,4,0,7,Low
55,0,1,0,0,0.0,2,1,2,174,46,9,1,11,Low
7,0,1,1,1,1.0,2,1,1,64,27,17,1,48,Medium
-5,1,1,14,3,0.214,4,3,4,1659,54,152,1,94,Critical
10,0,1,3,1,0.333,2,1,1,73,59,17,0,44,Medium
4,0,1,0,0,0.0,0,1,1,143,56,12,0,43,Medium
0,0,0,4,2,0.5,0,1,0,172,56,19,1,9,Low
1,0,1,12,5,0.417,3,1,2,143,19,80,1,75,High
28,0,1,1,0,0.0,2,1,1,196,35,19,1,12,Low
5,0,1,7,2,0.286,1,1,1,414,9,18,0,42,Medium
3,0,1,0,0,0.0,2,1,1,375,18,17,1,42,Medium
-2,1,1,5,2,0.4,4,1,1,306,19,17,1,65,High
0,0,0,2,1,0.5,0,3,3,241,60,2,2,43,Medium
3,0,1,2,0,0.0,2,2,1,58,31,26,0,44,Medium
0,0,0,0,0,0.0,3,1,2,404,33,36,1,47,Medium
30,0,1,2,1,0.5,1,1,2,105,32,2,1,11,Low
51,0,1,3,1,0.333,0,1,0,8,21,7,2,10,Low
2,0,1,13,2,0.154,1,4,1,662,38,44,1,65,High
4,0,1,2,1,0.5,3,0,1,471,36,23,1,50,Medium
0,0,0,4,3,0.75,2,1,2,273,16,10,0,46,Medium
0,0,0,4,2,0.5,4,2,1,321,15,68,2,71,High
49,0,1,3,2,0.667,1,1,0,266,27,8,1,13,Low
-23,1,1,12,5,0.417,2,3,5,513,27,39,1,93,Critical
41,0,1,0,0,0.0,2,1,0,249,33,15,2,7,Low
-18,1,1,8,2,0.25,2,2,2,1830,11,16,0,95,Critical
50,0,1,0,0,0.0,2,0,1,20,20,19,0,7,Low
53,0,1,1,0,0.0,1,0,1,263,18,3,0,8,Low
-2,1,1,7,1,0.143,2,3,2,296,14,66,0,69,High
1,0,1,13,5,0.385,4,3,2,967,59,67,1,74,High
0,0,1,14,5,0.357,2,4,3,987,13,79,2,74,High
0,0,0,2,1,0.5,0,1,1,190,29,10,0,11,Low
0,0,0,9,0,0.0,2,1,1,467,37,3,0,45,Medium
-5,1,1,13,1,0.077,2,3,4,321,35,7,1,76,High
-7,1,1,25,18,0.72,3,4,2,1217,32,162,1,93,Critical
0,0,0,2,1,0.5,3,1,1,263,26,27,0,49,Medium
29,0,1,0,0,0.0,2,1,0,273,38,14,1,9,Low
-7,1,1,24,14,0.583,4,2,2,532,56,51,1,98,Critical
24,0,1,3,1,0.333,2,1,0,116,10,15,1,11,Low
0,0,1,4,1,0.25,1,2,1,658,54,73,1,68,High
4,0,1,1,1,1.0,0,3,2,388,34,10,0,51,Medium
0,0,0,8,2,0.25,2,1,0,590,13,14,1,47,Medium
-5,1,1,9,6,0.667,3,1,3,325,10,13,0,72,High
24,0,1,6,5,0.833,2,1,0,111,25,4,0,13,Low
19,0,1,9,2,0.222,2,1,1,275,52,16,1,41,Medium
0,0,0,7,2,0.286,3,5,3,646,8,84,2,85,Critical
0,0,0,11,3,0.273,3,3,4,729,50,32,2,67,High
-29,1,1,21,4,0.19,3,4,3,1046,58,42,2,92,Critical
0,0,0,2,0,0.0,0,1,0,120,15,20,0,6,Low
-4,1,1,4,2,0.5,2,2,3,308,41,38,2,70,High
13,0,1,0,0,0.0,3,1,2,257,45,45,2,42,Medium
10,0,1,3,1,0.333,2,1,1,233,37,28,2,45,Medium
-24,1,1,6,2,0.333,4,4,2,1403,29,118,0,98,Critical
44,0,1,3,1,0.333,0,1,0,250,56,6,1,4,Low
-3,1,1,3,1,0.333,3,2,2,897,10,33,0,69,High
5,0,1,2,1,0.5,1,1,0,179,34,44,2,46,Medium
0,0,0,8,5,0.625,0,1,3,545,21,43,1,50,Medium
6,0,1,0,0,0.0,1,2,3,115,49,36,1,44,Medium
-14,1,1,22,12,0.545,2,2,3,1303,60,155,0,93,Critical
17,0,1,5,2,0.4,3,1,0,282,59,22,0,41,Medium
6,0,1,5,1,0.2,2,2,2,26,26,10,2,48,Medium
5,0,1,3,0,0.0,2,0,1,41,29,33,1,41,Medium
3,0,1,8,7,0.875,3,3,1,424,48,46,2,70,High
0,0,0,15,2,0.133,2,2,2,116,15,14,1,72,High
18,0,1,0,0,0.0,2,2,0,65,17,26,0,44,Medium
12,0,1,0,0,0.0,2,1,2,377,14,34,1,44,Medium
36,0,1,5,3,0.6,0,0,1,117,25,11,0,7,Low
-2,1,1,11,7,0.636,2,2,3,389,33,24,1,72,High
0,0,0,10,5,0.5,3,1,0,202,10,32,0,50,Medium
2,0,1,9,1,0.111,1,1,1,983,34,30,0,66,High
11,0,1,6,2,0.333,1,3,3,218,41,26,0,47,Medium
-3,1,1,9,7,0.778,2,2,2,884,29,27,2,74,High
0,0,1,16,4,0.25,3,2,4,686,14,140,2,90,Critical
27,0,1,0,0,0.0,1,2,0,78,55,14,0,6,Low
1,0,1,10,2,0.2,2,4,4,831,55,78,1,78,High
29,0,1,3,2,0.667,1,1,1,108,52,7,1,12,Low
25,0,1,5,1,0.2,0,1,0,293,50,19,2,11,Low
47,0,1,3,1,0.333,1,1,1,75,19,10,1,12,Low
50,0,1,1,0,0.0,0,0,1,79,19,12,1,5,Low
14,0,1,5,1,0.2,1,1,0,291,29,1,2,45,Medium
-28,1,1,17,5,0.294,3,5,4,1033,17,175,0,93,Critical
0,0,0,1,1,1.0,1,1,2,139,8,20,2,8,Low
-6,1,1,11,7,0.636,4,2,2,1568,47,63,2,90,Critical
5,0,1,12,5,0.417,2,4,4,692,36,25,0,66,High
5,0,1,5,2,0.4,4,3,1,618,11,18,1,65,High
0,0,0,0,0,0.0,1,0,2,160,18,11,1,9,Low
0,0,0,13,3,0.231,1,1,1,667,50,27,0,63,High
3,0,1,7,1,0.143,3,1,2,935,14,81,1,72,High
-3,1,1,14,6,0.429,1,4,2,987,45,30,0,72,High
18,0,1,0,0,0.0,1,1,2,552,40,16,2,46,Medium
58,0,1,3,1,0.333,0,1,2,232,57,15,1,8,Low
10,0,1,0,0,0.0,1,3,2,374,42,1,1,43,Medium
0,0,0,5,3,0.6,3,1,1,40,26,36,1,51,Medium
0,0,0,6,3,0.5,0,1,1,128,47,16,2,12,Low
0,0,0,4,1,0.25,0,1,3,411,57,29,0,46,Medium
16,0,1,12,11,0.917,2,1,1,505,51,3,1,51,Medium
0,0,0,12,2,0.167,3,3,4,632,29,11,0,67,High
-11,1,1,25,21,0.84,4,3,3,1599,24,150,1,100,Critical
0,0,0,0,0,0.0,2,3,1,227,58,22,1,48,Medium
5,0,1,7,4,0.571,3,4,3,66,15,85,1,75,High
9,0,1,0,0,0.0,2,2,0,372,13,14,0,47,Medium
1,0,1,11,7,0.636,3,1,2,867,59,61,1,71,High
0,0,0,5,2,0.4,3,0,2,134,57,31,0,48,Medium
0,0,1,12,8,0.667,1,4,4,601,54,63,1,75,High
0,0,1,8,7,0.875,3,2,5,880,31,20,0,95,Critical
0,0,0,0,0,0.0,2,0,0,17,48,16,0,8,Low
18,0,1,2,1,0.5,3,2,1,299,26,42,1,47,Medium
0,0,0,0,0,0.0,2,0,2,3,13,20,0,9,Low
0,0,1,5,1,0.2,4,4,4,581,24,18,1,76,High
53,0,1,3,2,0.667,2,2,1,52,21,12,0,14,Low
0,0,0,1,0,0.0,1,1,1,210,48,5,2,7,Low
0,0,0,0,0,0.0,0,2,0,62,37,15,1,13,Low
11,0,1,4,2,0.5,1,0,3,596,50,29,0,46,Medium
51,0,1,0,0,0.0,0,0,1,50,33,4,1,3,Low
57,0,1,3,1,0.333,0,1,0,107,59,11,1,9,Low
0,0,0,12,6,0.5,2,3,1,521,13,15,1,68,High
-1,1,1,7,5,0.714,3,2,1,676,39,32,2,68,High
5,0,1,10,7,0.7,1,4,4,820,33,24,0,66,High
3,0,1,6,2,0.333,2,2,2,87,37,44,1,72,High
-30,1,1,17,5,0.294,3,3,4,1960,9,16,1,98,Critical
55,0,1,1,1,1.0,2,1,0,298,43,15,1,7,Low
0,0,0,4,2,0.5,0,2,1,185,11,19,0,10,Low
-14,1,1,8,5,0.625,3,4,4,734,26,54,2,99,Critical
0,0,0,4,3,0.75,2,0,1,356,16,24,0,48,Medium
16,0,1,3,1,0.333,1,0,0,46,50,15,0,7,Low
-14,1,1,19,4,0.211,4,2,3,310,41,132,1,92,Critical
-19,1,1,21,8,0.381,3,4,5,1072,50,123,1,100,Critical
0,0,0,0,0,0.0,0,1,1,70,11,15,0,9,Low
0,0,0,3,1,0.333,2,0,0,10,44,20,0,8,Low
25,0,1,3,2,0.667,2,2,0,254,37,12,1,12,Low
-4,1,1,10,2,0.2,4,3,1,546,21,68,1,78,High
14,0,1,4,0,0.0,2,2,2,71,14,0,0,11,Low
20,0,1,1,1,1.0,0,2,2,525,9,39,1,47,Medium
0,0,0,0,0,0.0,0,0,1,231,55,11,1,6,Low
-22,1,1,18,4,0.222,3,5,4,1169,33,37,2,97,Critical
0,0,0,10,4,0.4,1,1,2,401,10,38,2,47,Medium
-15,1,1,25,18,0.72,2,3,3,1198,30,86,1,99,Critical
-2,1,1,18,12,0.667,3,4,5,985,27,153,1,92,Critical
29,0,1,2,1,0.5,0,0,1,293,35,7,0,8,Low
5,0,1,7,2,0.286,3,0,3,254,22,23,1,43,Medium
-4,1,1,15,5,0.333,3,1,2,418,49,42,2,70,High
-15,1,1,7,3,0.429,2,3,4,1417,8,151,1,93,Critical
0,0,0,0,0,0.0,1,1,1,271,50,35,1,46,Medium
0,0,0,7,4,0.571,3,1,3,398,54,82,1,66,High
0,0,0,1,1,1.0,2,1,1,116,34,19,1,13,Low
-5,1,1,13,1,0.077,2,3,2,355,51,74,2,73,High
-22,1,1,14,10,0.714,4,4,5,1971,27,107,1,98,Critical
-1,1,1,9,2,0.222,2,2,2,838,30,60,1,68,High
0,0,1,19,8,0.421,3,5,5,1621,14,135,1,99,Critical
0,0,0,0,0,0.0,3,1,3,492,16,32,2,50,Medium
0,0,0,1,0,0.0,1,0,0,217,55,2,0,7,Low
49,0,1,0,0,0.0,1,0,1,158,43,4,0,9,Low
1,0,1,13,2,0.154,3,3,3,717,57,66,1,75,High
39,0,1,0,0,0.0,0,1,1,250,43,5,0,5,Low
0,0,0,7,3,0.429,3,1,2,199,10,3,0,49,Medium
-1,1,1,4,3,0.75,2,4,3,226,60,42,1,74,High
0,0,0,3,2,0.667,3,0,1,514,35,33,1,48,Medium
0,0,0,14,9,0.643,3,2,4,157,54,42,2,66,High
-2,1,1,5,1,0.2,2,2,2,631,60,20,0,74,High
9,0,1,6,3,0.5,2,0,1,2,9,2,0,46,Medium
-4,1,1,6,2,0.333,2,3,4,865,13,18,1,75,High
13,0,1,8,8,1.0,2,2,0,203,25,2,1,43,Medium
15,0,1,0,0,0.0,2,2,3,306,53,6,1,46,Medium
-1,1,1,13,8,0.615,2,5,2,1270,26,171,0,94,Critical
10,0,1,5,2,0.4,2,2,0,541,45,44,1,42,Medium
5,0,1,9,1,0.111,3,2,1,191,37,25,0,45,Medium
-15,1,1,24,17,0.708,4,3,2,397,45,152,1,96,Critical
4,0,1,3,2,0.667,1,1,0,566,40,23,1,50,Medium
4,0,1,7,5,0.714,3,3,1,54,47,30,0,49,Medium
0,0,0,3,2,0.667,2,0,0,214,30,2,0,10,Low
-16,1,1,8,6,0.75,2,2,4,580,58,123,0,98,Critical
3,0,1,11,3,0.273,0,2,3,587,45,20,1,47,Medium
5,0,1,7,6,0.857,0,1,1,551,17,6,0,47,Medium
0,0,0,14,1,0.071,2,3,4,312,45,74,2,69,High
0,0,0,9,7,0.778,2,2,2,305,25,26,2,52,Medium
-7,1,1,24,7,0.292,2,2,4,1768,46,97,0,95,Critical
5,0,1,8,7,0.875,4,3,4,748,31,56,0,73,High
0,0,0,5,4,0.8,0,1,2,182,54,1,0,14,Low
0,0,1,7,2,0.286,4,1,4,152,31,63,1,77,High
-2,1,1,15,10,0.667,1,1,2,756,10,81,0,73,High
0,0,0,2,2,1.0,0,0,1,177,10,7,2,9,Low
0,0,0,3,0,0.0,2,1,4,784,25,63,1,70,High
0,0,1,3,1,0.333,1,1,4,552,12,65,1,68,High
4,0,1,11,1,0.091,1,1,1,338,30,7,0,44,Medium
-27,1,1,17,1,0.059,4,5,3,1827,37,48,1,95,Critical
8,0,1,5,4,0.8,1,1,0,246,12,27,1,51,Medium
-4,1,1,22,4,0.182,4,2,3,587,12,124,1,97,Critical
16,0,1,1,1,1.0,3,1,1,563,32,6,1,43,Medium
0,0,0,2,1,0.5,1,1,3,520,11,38,1,42,Medium
-21,1,1,25,2,0.08,3,3,3,1556,41,53,0,98,Critical
3,0,1,2,1,0.5,3,2,0,134,23,9,1,48,Medium
39,0,1,0,0,0.0,2,1,0,225,33,14,0,4,Low
-17,1,1,7,2,0.286,3,5,4,974,47,169,0,92,Critical
14,0,1,3,1,0.333,2,3,1,41,31,25,0,47,Medium
-2,1,1,12,5,0.417,2,2,2,631,18,60,1,69,High
0,0,0,5,3,0.6,0,1,0,77,51,3,1,10,Low
52,0,1,0,0,0.0,0,1,2,68,19,9,2,10,Low
58,0,1,6,3,0.5,1,2,1,207,52,0,0,12,Low
54,0,1,5,3,0.6,1,1,1,138,35,12,0,8,Low
53,0,1,0,0,0.0,0,1,1,73,31,10,1,6,Low
0,0,0,3,1,0.333,3,3,1,394,18,8,2,49,Medium
-23,1,1,19,9,0.474,3,3,2,1594,30,18,0,90,Critical
24,0,1,3,2,0.667,1,0,2,258,18,14,0,11,Low
17,0,1,2,0,0.0,2,2,1,199,48,30,0,50,Medium
5,0,1,3,0,0.0,1,1,2,545,20,29,1,62,High
0,0,0,0,0,0.0,1,2,2,101,47,3,0,7,Low
18,0,1,3,0,0.0,1,3,1,218,46,16,0,48,Medium
0,0,0,1,0,0.0,1,1,2,240,46,12,0,9,Low
-27,1,1,8,1,0.125,4,4,3,1343,48,157,1,96,Critical
-3,1,1,6,1,0.167,4,2,2,215,43,72,0,74,High
36,0,1,4,3,0.75,1,1,2,108,12,11,1,10,Low
56,0,1,3,2,0.667,1,1,0,6,50,2,0,7,Low
0,0,1,12,8,0.667,3,1,2,691,51,15,1,73,High
13,0,1,8,6,0.75,2,0,2,140,49,2,0,43,Medium
4,0,1,11,5,0.455,3,4,4,87,22,79,2,71,High
0,0,0,21,9,0.429,3,5,5,921,15,74,2,90,Critical
13,0,1,0,0,0.0,2,0,0,24,32,23,1,39,Low
0,0,1,17,5,0.294,3,4,4,1315,13,125,1,93,Critical
-2,1,1,14,5,0.357,3,2,4,253,37,11,1,74,High
0,0,1,14,5,0.357,2,1,2,426,23,51,0,72,High
15,0,1,3,2,0.667,2,1,3,268,47,19,1,49,Medium
51,0,1,6,1,0.167,1,2,0,269,54,17,0,12,Low
0,0,0,0,0,0.0,2,0,3,584,52,29,0,48,Medium
1,0,1,10,6,0.6,3,2,2,88,22,38,0,67,High
-16,1,1,17,9,0.529,4,4,5,589,44,98,1,95,Critical
-4,1,1,11,4,0.364,4,3,1,956,16,33,1,69,High
-9,1,1,23,1,0.043,3,5,5,1800,44,152,2,98,Critical
0,0,0,3,0,0.0,2,1,0,212,18,21,0,44,Medium
-3,1,1,5,3,0.6,3,2,2,59,8,24,0,72,High
17,0,1,9,7,0.778,2,0,1,355,22,21,0,44,Medium
0,0,0,2,1,0.5,3,0,3,595,11,2,0,44,Medium
20,0,1,2,2,1.0,0,1,2,211,32,3,1,12,Low
5,0,1,0,0,0.0,2,3,2,351,42,25,0,46,Medium
5,0,1,0,0,0.0,1,3,0,468,52,33,0,48,Medium
0,0,0,0,0,0.0,1,0,1,115,14,19,0,9,Low
20,0,1,5,1,0.2,2,1,0,285,19,14,0,13,Low
-7,1,1,22,17,0.773,4,3,3,793,39,89,1,93,Critical
0,0,0,0,0,0.0,1,1,2,97,47,14,0,11,Low
11,0,1,4,1,0.25,2,1,3,580,46,10,0,44,Medium
0,0,1,18,11,0.611,2,3,2,510,37,165,1,92,Critical
41,0,1,0,0,0.0,1,1,1,282,21,10,0,8,Low
24,0,1,0,0,0.0,2,0,2,88,26,2,0,7,Low
1,0,1,3,1,0.333,3,1,1,593,10,48,1,72,High
0,0,0,4,2,0.5,2,3,1,318,17,8,1,44,Medium
-11,1,1,11,9,0.818,4,2,4,1700,36,138,2,98,Critical
19,0,1,1,0,0.0,1,0,3,432,33,27,0,40,Medium
0,0,0,1,0,0.0,1,0,1,87,60,18,1,11,Low
4,0,1,13,6,0.462,1,2,2,884,42,68,1,67,High
0,0,0,0,0,0.0,3,1,0,231,51,39,0,47,Medium
18,0,1,9,6,0.667,2,1,1,44,42,28,1,43,Medium
0,0,0,0,0,0.0,3,3,1,546,52,42,0,49,Medium
-19,1,1,17,4,0.235,3,5,3,1452,45,104,1,96,Critical
0,0,0,10,4,0.4,1,0,1,486,39,10,1,45,Medium
12,0,1,0,0,0.0,2,2,1,309,23,8,1,46,Medium
38,0,1,0,0,0.0,1,0,0,85,33,20,1,6,Low
-18,1,1,22,9,0.409,3,2,2,1920,8,153,0,94,Critical
3,0,1,12,9,0.75,3,4,3,903,36,20,1,75,High
51,0,1,3,2,0.667,0,0,2,183,42,12,0,10,Low
0,0,0,0,0,0.0,0,2,2,15,21,3,1,8,Low
52,0,1,0,0,0.0,0,1,1,205,10,11,0,6,Low
41,0,1,0,0,0.0,0,0,0,150,24,14,1,5,Low
13,0,1,0,0,0.0,2,0,2,140,30,19,0,47,Medium
-4,1,1,4,1,0.25,1,4,2,995,47,88,0,73,High
0,0,1,8,5,0.625,4,1,4,168,11,71,1,71,High
0,0,1,8,6,0.75,2,2,3,498,52,74,1,70,High
3,0,1,6,0,0.0,4,1,2,481,46,17,2,66,High
25,0,1,0,0,0.0,1,2,1,161,15,2,0,10,Low
0,0,0,1,1,1.0,2,0,1,489,59,13,0,42,Medium
15,0,1,8,4,0.5,1,1,2,588,38,38,1,45,Medium
-11,1,1,21,4,0.19,3,4,4,548,56,180,1,93,Critical
45,0,1,0,0,0.0,1,1,2,56,17,18,0,8,Low
7,0,1,5,2,0.4,2,3,1,83,29,30,0,52,Medium
19,0,1,0,0,0.0,3,0,1,349,15,28,2,41,Medium
14,0,1,1,1,1.0,0,1,2,293,35,20,1,11,Low
0,0,0,0,0,0.0,1,2,1,129,55,44,0,49,Medium
0,0,0,3,1,0.333,0,1,0,436,40,3,1,47,Medium
0,0,1,15,7,0.467,1,4,2,438,33,58,0,73,High
0,0,0,4,3,0.75,0,3,1,252,19,6,1,51,Medium
19,0,1,0,0,0.0,0,0,0,431,8,42,0,40,Medium
0,0,0,6,4,0.667,2,1,2,104,31,10,1,16,Low
-17,1,1,9,3,0.333,4,2,4,1497,58,80,1,94,Critical
0,0,0,11,7,0.636,1,3,1,177,28,33,1,46,Medium
18,0,1,0,0,0.0,3,3,2,573,56,8,1,43,Medium
47,0,1,0,0,0.0,0,1,1,183,22,16,0,3,Low
-1,1,1,16,4,0.25,4,3,5,247,24,61,1,89,Critical
7,0,1,0,0,0.0,3,2,1,278,18,7,1,48,Medium
7,0,1,10,5,0.5,3,0,2,571,39,31,0,50,Medium
6,0,1,0,0,0.0,3,1,1,101,11,45,0,50,Medium
-11,1,1,12,4,0.333,4,5,5,1677,29,48,0,94,Critical
0,0,0,2,0,0.0,2,0,1,17,10,20,0,6,Low
59,0,1,3,0,0.0,0,2,0,85,17,17,1,7,Low
-30,1,1,10,4,0.4,4,3,4,1746,27,35,0,91,Critical
14,0,1,2,1,0.5,2,0,1,307,15,36,0,45,Medium
0,0,0,6,2,0.333,0,2,0,284,8,13,1,10,Low
0,0,0,0,0,0.0,0,1,2,133,10,6,1,48,Medium
60,0,1,5,1,0.2,0,0,0,223,35,8,0,7,Low
0,0,0,8,1,0.125,3,0,1,223,53,1,0,46,Medium
19,0,1,1,0,0.0,2,0,2,47,45,12,1,7,Low
-20,1,1,7,0,0.0,4,5,5,728,40,113,1,93,Critical
0,0,0,4,1,0.25,2,3,1,728,59,84,1,62,High
-2,1,1,9,4,0.444,3,1,4,379,33,55,2,74,High
0,0,0,5,0,0.0,1,1,0,227,30,33,1,41,Medium
0,0,0,4,1,0.25,2,0,2,8,43,0,0,7,Low
3,0,1,6,3,0.5,2,0,2,224,17,4,0,52,Medium
-1,1,1,7,2,0.286,3,4,2,456,35,21,1,98,Critical
-5,1,1,7,6,0.857,1,2,2,500,55,60,2,71,High
0,0,0,9,1,0.111,4,2,2,375,32,19,1,66,High
-2,1,1,18,10,0.556,3,5,4,1818,21,173,1,96,Critical
7,0,1,3,1,0.333,3,1,0,429,56,25,1,48,Medium
-4,1,1,4,1,0.25,2,4,2,609,45,77,0,73,High
3,0,1,9,1,0.111,4,4,3,936,20,9,1,67,High
3,0,1,6,3,0.5,3,4,2,152,52,89,2,75,High
-29,1,1,11,8,0.727,2,4,5,1865,56,43,1,96,Critical
0,0,0,3,1,0.333,0,1,0,259,29,8,0,9,Low
-4,1,1,5,3,0.6,4,4,1,532,34,24,2,77,High
-9,1,1,23,5,0.217,3,5,4,1185,14,139,1,99,Critical
3,0,1,5,2,0.4,4,3,3,248,32,24,0,72,High
-9,1,1,7,5,0.714,3,5,2,703,55,161,2,95,Critical
-29,1,1,25,8,0.32,2,4,3,777,26,68,1,91,Critical
-4,1,1,8,1,0.125,2,2,1,200,43,19,1,75,High
12,0,1,1,0,0.0,2,2,3,282,15,32,1,42,Medium
17,0,1,0,0,0.0,0,1,1,576,29,32,1,47,Medium
15,0,1,3,1,0.333,3,2,2,378,9,18,1,43,Medium
10,0,1,0,0,0.0,2,1,3,542,36,2,1,47,Medium
-3,1,1,15,11,0.733,3,4,4,201,24,64,0,79,High
0,0,0,1,0,0.0,0,2,1,70,46,11,1,12,Low
28,0,1,3,1,0.333,2,1,0,177,28,0,1,13,Low
4,0,1,10,4,0.4,1,1,1,260,41,11,1,44,Medium
8,0,1,0,0,0.0,2,2,2,379,35,42,2,43,Medium
32,0,1,3,0,0.0,1,0,0,53,44,13,2,7,Low
16,0,1,1,1,1.0,2,3,0,221,8,6,1,43,Medium
28,0,1,2,0,0.0,0,1,1,123,28,17,0,7,Low
-7,1,1,9,5,0.556,3,5,3,1752,27,140,0,95,Critical
-3,1,1,5,3,0.6,3,3,3,260,8,82,1,77,High
0,0,0,0,0,0.0,2,1,0,87,19,19,0,10,Low
-12,1,1,23,12,0.522,2,3,3,521,31,103,2,100,Critical
0,0,1,13,9,0.692,2,1,2,925,47,58,1,70,High
-30,1,1,5,4,0.8,2,4,3,450,11,46,2,96,Critical
-26,1,1,20,12,0.6,4,5,3,354,25,137,1,93,Critical
-28,1,1,8,3,0.375,3,5,4,675,40,116,0,91,Critical
10,0,1,0,0,0.0,3,2,1,275,25,21,2,43,Medium
-24,1,1,9,1,0.111,3,2,2,813,48,74,1,98,Critical
-13,1,1,13,6,0.462,4,4,2,1409,44,60,1,96,Critical
4,0,1,5,1,0.2,1,3,4,783,55,76,1,66,High
46,0,1,2,1,0.5,1,1,0,110,30,20,2,8,Low
-21,1,1,22,13,0.591,3,5,3,1406,26,78,2,95,Critical
-29,1,1,17,2,0.118,4,2,4,1901,38,101,2,98,Critical
-19,1,1,22,5,0.227,3,3,3,528,52,90,2,91,Critical
5,0,1,3,1,0.333,2,4,4,941,19,23,1,66,High
0,0,0,18,11,0.611,2,2,2,1516,53,172,1,87,Critical
-2,1,1,16,7,0.438,4,5,5,1740,10,22,1,92,Critical
5,0,1,4,1,0.25,1,1,1,187,12,3,2,43,Medium
42,0,1,0,0,0.0,0,0,1,115,16,12,1,5,Low
3,0,1,1,0,0.0,0,1,1,320,57,31,1,47,Medium
-1,1,1,13,4,0.308,3,4,1,350,42,35,1,77,High
38,0,1,6,1,0.167,0,2,1,188,10,9,2,7,Low
16,0,1,0,0,0.0,0,0,0,210,10,13,0,3,Low
5,0,1,9,1,0.111,3,4,1,611,49,24,0,68,High
0,0,1,15,6,0.4,2,1,4,532,47,33,1,70,High
15,0,1,3,2,0.667,0,0,0,233,21,1,0,10,Low
26,0,1,0,0,0.0,0,2,2,41,18,18,1,8,Low
43,0,1,1,0,0.0,0,2,1,87,50,12,1,8,Low
6,0,1,10,6,0.6,2,1,3,183,25,5,1,51,Medium
0,0,0,1,0,0.0,1,0,1,5,11,25,1,45,Medium
0,0,0,4,1,0.25,2,1,0,27,9,19,2,9,Low
-25,1,1,18,9,0.5,3,3,4,1905,45,90,2,93,Critical
4,0,1,14,2,0.143,2,4,1,225,23,67,1,69,High
0,0,0,8,7,0.875,2,1,2,259,59,22,2,46,Medium
-1,1,1,12,3,0.25,4,5,4,709,32,16,0,92,Critical
0,0,0,0,0,0.0,1,1,0,40,58,17,1,12,Low
3,0,1,4,1,0.25,2,3,4,560,16,38,1,74,High
-3,1,1,7,2,0.286,3,4,2,188,44,13,2,76,High
14,0,1,5,3,0.6,2,1,3,561,36,16,0,44,Medium
-3,1,1,24,12,0.5,2,3,2,870,16,65,1,99,Critical
0,0,0,5,3,0.6,3,0,2,232,21,3,2,46,Medium
-17,1,1,17,1,0.059,3,4,3,1720,41,48,1,95,Critical
0,0,0,10,7,0.7,1,1,3,582,23,35,2,47,Medium
5,0,1,13,3,0.231,1,3,1,367,12,38,2,64,High
8,0,1,0,0,0.0,3,0,1,183,29,3,0,46,Medium
-24,1,1,10,5,0.5,4,4,4,763,55,128,1,100,Critical
0,0,0,2,1,0.5,1,1,1,17,30,17,2,6,Low
36,0,1,3,2,0.667,1,2,0,231,15,8,0,7,Low
-5,1,1,8,1,0.125,2,3,1,602,45,42,2,72,High
39,0,1,6,2,0.333,0,1,1,273,32,17,0,8,Low
-2,1,1,10,3,0.3,2,3,3,920,10,9,1,69,High
0,0,0,3,1,0.333,0,1,1,144,14,7,0,10,Low
-4,1,1,9,3,0.333,2,1,3,515,38,27,0,74,High
0,0,0,6,3,0.5,0,0,1,148,34,12,1,10,Low
1,0,1,8,4,0.5,1,2,1,191,36,56,0,64,High
-2,1,1,3,0,0.0,3,3,1,182,21,74,2,72,High
-11,1,1,10,3,0.3,4,3,5,1750,60,108,1,92,Critical
45,0,1,0,0,0.0,0,0,1,70,55,1,0,4,Low
6,0,1,5,2,0.4,1,1,1,289,17,22,0,43,Medium
40,0,1,2,1,0.5,0,1,0,78,31,13,2,6,Low
5,0,1,1,0,0.0,2,1,1,63,36,24,0,42,Medium
17,0,1,3,1,0.333,1,1,2,537,29,41,1,45,Medium
15,0,1,1,0,0.0,2,0,0,248,8,45,1,44,Medium
-3,1,1,12,3,0.25,2,4,2,855,23,24,0,75,High
8,0,1,10,2,0.2,2,1,2,346,56,42,0,49,Medium
3,0,1,8,6,0.75,1,3,1,275,22,45,0,47,Medium
-17,1,1,9,2,0.222,2,3,5,1120,38,133,1,94,Critical
-25,1,1,14,2,0.143,3,3,4,373,35,23,1,93,Critical
0,0,0,4,1,0.25,1,0,1,260,34,11,1,11,Low
-12,1,1,23,6,0.261,3,5,4,1924,55,167,1,100,Critical
1,0,1,5,1,0.2,3,2,2,654,42,39,2,71,High
-5,1,1,5,1,0.2,2,4,4,809,39,27,0,72,High
19,0,1,7,2,0.286,1,0,1,559,12,42,1,44,Medium
20,0,1,0,0,0.0,0,2,1,454,57,40,0,46,Medium
39,0,1,0,0,0.0,0,2,1,196,14,12,0,9,Low
3,0,1,8,7,0.875,1,3,3,959,36,70,1,73,High
0,0,1,4,1,0.25,3,2,2,963,26,39,2,71,High
-2,1,1,10,3,0.3,2,1,1,513,25,9,2,71,High
20,0,1,12,4,0.333,2,2,1,592,60,1,1,48,Medium
-11,1,1,5,2,0.4,4,4,4,286,40,132,1,96,Critical
0,0,0,0,0,0.0,1,3,0,256,59,18,0,50,Medium
-11,1,1,5,1,0.2,2,5,3,1929,26,93,0,93,Critical
11,0,1,0,0,0.0,0,0,1,132,49,39,0,43,Medium
-3,1,1,9,4,0.444,1,1,3,789,26,77,1,71,High
-9,1,1,7,2,0.286,2,4,2,1862,60,149,2,90,Critical
-3,1,1,5,1,0.2,3,2,4,171,11,64,1,76,High
17,0,1,8,4,0.5,3,3,1,265,12,5,1,48,Medium
0,0,1,8,3,0.375,2,4,1,621,33,81,1,72,High
0,0,0,0,0,0.0,0,1,1,92,58,3,2,11,Low
-10,1,1,21,9,0.429,3,5,2,1246,53,48,2,91,Critical
20,0,1,10,2,0.2,3,1,3,523,23,43,2,51,Medium
0,0,0,0,0,0.0,0,1,2,226,57,7,1,8,Low
-20,1,1,6,2,0.333,3,4,3,1518,53,37,1,92,Critical
-2,1,1,6,3,0.5,3,2,3,664,60,179,1,97,Critical
4,0,1,2,1,0.5,0,1,2,273,9,23,1,52,Medium
27,0,1,3,1,0.333,0,1,1,106,40,3,0,11,Low
5,0,1,5,4,0.8,3,2,2,229,55,45,0,72,High
2,0,1,9,3,0.333,2,2,1,403,47,87,1,65,High
20,0,1,0,0,0.0,3,2,2,491,11,25,1,44,Medium
7,0,1,3,1,0.333,2,1,1,29,43,10,1,51,Medium
0,0,0,8,5,0.625,4,4,2,334,10,29,2,73,High
3,0,1,0,0,0.0,3,0,1,413,9,8,0,50,Medium
33,0,1,0,0,0.0,2,1,1,65,44,12,0,10,Low
5,0,1,13,5,0.385,3,4,4,921,58,40,2,69,High
0,0,0,3,1,0.333,1,2,3,408,56,31,0,47,Medium
-21,1,1,11,6,0.545,3,3,4,390,28,43,1,93,Critical
1,0,1,6,4,0.667,4,1,3,564,13,13,0,67,High
49,0,1,0,0,0.0,2,1,1,163,29,13,0,7,Low
-2,1,1,15,8,0.533,3,1,3,319,19,29,1,77,High
-4,1,1,14,6,0.429,4,2,2,792,55,53,0,91,Critical
22,0,1,0,0,0.0,2,2,0,300,19,4,0,8,Low
-6,1,1,22,9,0.409,4,4,3,657,15,161,0,94,Critical
-1,1,1,9,0,0.0,3,3,3,674,25,63,1,74,High
10,0,1,5,4,0.8,2,1,2,237,33,23,1,46,Medium
-3,1,1,6,4,0.667,3,5,5,814,52,40,1,97,Critical
-2,1,1,11,4,0.364,3,4,2,830,20,88,2,72,High
5,0,1,13,3,0.231,3,4,2,812,35,87,1,67,High
10,0,1,5,0,0.0,1,1,1,229,52,44,2,44,Medium
3,0,1,3,1,0.333,0,2,3,19,15,36,2,48,Medium
-4,1,1,23,12,0.522,4,3,5,1925,16,89,1,94,Critical
56,0,1,0,0,0.0,2,1,2,149,47,18,0,7,Low
-4,1,1,4,1,0.25,1,2,3,854,45,80,0,68,High
44,0,1,0,0,0.0,0,1,0,288,24,17,1,2,Low
0,0,0,4,2,0.5,2,1,1,42,17,0,0,14,Low
0,0,0,0,0,0.0,2,0,0,102,55,8,1,8,Low
-15,1,1,8,2,0.25,3,5,2,620,13,153,1,98,Critical
0,0,0,2,1,0.5,0,0,2,266,48,17,1,10,Low
46,0,1,5,3,0.6,1,0,0,283,26,2,0,9,Low
-20,1,1,24,10,0.417,4,5,3,995,56,31,1,94,Critical
17,0,1,5,3,0.6,1,1,3,367,45,28,0,51,Medium
3,0,1,5,1,0.2,3,2,4,703,9,18,1,73,High
10,0,1,4,2,0.5,3,3,3,266,11,3,1,45,Medium
19,0,1,8,5,0.625,1,2,0,146,28,36,0,42,Medium
3,0,1,12,1,0.083,3,1,2,431,57,20,1,74,High
-21,1,1,16,2,0.125,4,5,2,1426,29,132,1,97,Critical
0,0,0,2,0,0.0,1,1,1,65,9,17,0,12,Low
20,0,1,0,0,0.0,1,1,2,455,23,17,2,43,Medium
0,0,1,7,0,0.0,2,1,3,241,32,80,2,71,High
-4,1,1,5,2,0.4,3,4,4,145,40,35,1,76,High
2,0,1,5,2,0.4,1,3,1,594,40,43,1,70,High
0,0,0,4,1,0.25,3,3,3,372,18,65,1,69,High
12,0,1,0,0,0.0,2,2,3,142,10,34,0,49,Medium
8,0,1,3,0,0.0,3,2,0,89,32,27,1,42,Medium
-2,1,1,6,1,0.167,4,2,1,359,44,75,2,66,High
-30,1,1,23,12,0.522,4,4,5,403,31,110,0,99,Critical
-5,1,1,11,4,0.364,3,3,3,369,29,112,1,96,Critical
0,0,0,11,7,0.636,2,3,2,510,49,28,2,44,Medium
20,0,1,1,0,0.0,3,0,0,70,35,44,0,41,Medium
-18,1,1,21,6,0.286,2,4,4,1048,9,70,2,93,Critical
58,0,1,1,0,0.0,2,0,0,176,38,19,1,9,Low
5,0,1,7,5,0.714,0,0,0,281,26,43,2,42,Medium
-22,1,1,16,4,0.25,4,3,3,1201,24,107,1,99,Critical
-4,1,1,9,2,0.222,4,2,3,55,57,59,1,69,High
2,0,1,6,2,0.333,2,3,3,937,8,24,0,73,High
0,0,0,5,3,0.6,0,2,1,237,41,4,0,14,Low
55,0,1,0,0,0.0,0,1,1,162,33,2,1,5,Low
-5,1,1,11,5,0.455,3,2,2,337,57,49,2,93,Critical
19,0,1,5,1,0.2,2,2,2,211,35,25,0,44,Medium
9,0,1,8,5,0.625,3,0,1,220,38,24,0,47,Medium
0,0,0,23,13,0.565,3,2,4,722,40,177,0,86,Critical
12,0,1,0,0,0.0,2,0,2,105,28,26,1,40,Medium
0,0,0,0,0,0.0,2,2,1,286,38,20,1,14,Low
5,0,1,12,1,0.083,1,1,1,533,9,13,1,47,Medium
17,0,1,0,0,0.0,1,3,3,592,56,42,1,50,Medium
4,0,1,10,1,0.1,3,3,1,496,40,39,2,48,Medium
11,0,1,3,3,1.0,2,0,1,530,60,24,2,50,Medium
0,0,0,6,5,0.833,0,2,2,243,26,15,0,11,Low
42,0,1,0,0,0.0,0,0,2,72,26,6,0,9,Low
18,0,1,12,6,0.5,3,2,1,123,30,44,1,50,Medium
-2,1,1,7,6,0.857,3,1,1,679,20,53,0,73,High
53,0,1,0,0,0.0,0,0,1,215,29,1,1,8,Low
-8,1,1,9,2,0.222,2,5,2,262,37,143,0,93,Critical
14,0,1,0,0,0.0,2,1,1,583,32,6,2,49,Medium
7,0,1,6,1,0.167,3,3,2,417,18,28,0,50,Medium
3,0,1,1,1,1.0,2,2,2,327,15,6,1,46,Medium
5,0,1,9,8,0.889,1,2,1,141,15,14,0,66,High
0,0,0,3,1,0.333,2,3,2,184,13,40,1,49,Medium
0,0,0,18,9,0.5,3,2,4,1947,8,160,1,88,Critical
0,0,0,0,0,0.0,0,2,1,103,40,19,0,6,Low
1,0,1,8,4,0.5,2,1,1,465,16,69,1,71,High
0,0,0,0,0,0.0,2,1,1,235,18,12,0,9,Low
15,0,1,4,1,0.25,3,1,3,550,14,39,0,50,Medium
15,0,1,0,0,0.0,1,1,0,15,26,2,2,8,Low
-4,1,1,16,6,0.375,4,5,4,1841,49,37,1,97,Critical
-13,1,1,20,3,0.15,2,4,5,301,48,174,1,92,Critical
56,0,1,4,1,0.25,0,0,2,208,8,19,0,10,Low
0,0,0,6,1,0.167,1,1,0,147,56,0,1,11,Low
60,0,1,0,0,0.0,1,1,2,112,12,8,0,8,Low
56,0,1,0,0,0.0,0,0,1,117,35,11,1,10,Low
3,0,1,4,2,0.5,0,1,3,297,27,16,0,48,Medium
-1,1,1,3,1,0.333,3,3,1,660,56,29,1,73,High
0,0,0,2,0,0.0,0,1,1,2,15,7,1,8,Low
0,0,0,0,0,0.0,3,0,3,271,51,44,1,42,Medium
0,0,0,1,1,1.0,2,1,0,85,51,12,0,8,Low
5,0,1,7,4,0.571,3,3,1,315,13,87,2,71,High
16,0,1,10,2,0.2,3,1,0,452,54,17,0,43,Medium
3,0,1,15,4,0.267,4,4,4,213,23,8,1,68,High
4,0,1,11,7,0.636,2,2,2,986,25,60,1,69,High
0,0,0,13,7,0.538,2,2,1,198,43,54,1,70,High
4,0,1,4,3,0.75,2,3,3,654,20,10,1,65,High
-25,1,1,23,11,0.478,3,5,5,443,29,178,0,95,Critical
4,0,1,7,3,0.429,1,1,0,563,57,16,0,47,Medium
4,0,1,4,1,0.25,2,3,2,107,49,39,1,72,High
14,0,1,2,1,0.5,0,1,2,48,37,16,1,48,Medium
5,0,1,0,0,0.0,0,1,0,321,25,7,0,44,Medium
10,0,1,0,0,0.0,2,2,3,396,57,34,0,48,Medium
-15,1,1,17,5,0.294,2,2,5,1734,9,144,1,95,Critical
-23,1,1,16,0,0.0,4,2,4,413,45,60,1,94,Critical
15,0,1,0,0,0.0,2,1,1,80,54,16,1,41,Medium
1,0,1,14,8,0.571,4,4,4,995,41,63,1,75,High
0,0,0,0,0,0.0,1,1,2,90,54,15,0,9,Low
6,0,1,0,0,0.0,2,2,3,431,34,14,2,46,Medium
0,0,0,2,1,0.5,0,2,1,28,22,18,1,42,Medium
0,0,0,0,0,0.0,0,2,0,114,24,8,0,7,Low
-15,1,1,11,5,0.455,4,2,2,1298,60,43,1,96,Critical
-1,1,1,10,1,0.1,2,1,3,215,34,24,0,74,High
45,0,1,0,0,0.0,1,2,0,208,18,6,1,10,Low
52,0,1,2,1,0.5,1,1,0,293,33,6,1,12,Low
18,0,1,2,0,0.0,2,2,2,431,10,8,2,43,Medium
0,0,1,8,5,0.625,2,4,2,746,54,83,2,70,High
4,0,1,5,3,0.6,2,3,1,694,20,39,2,66,High
3,0,1,6,4,0.667,3,1,3,448,29,34,2,69,High
22,0,1,3,2,0.667,0,1,1,90,13,3,0,8,Low
44,0,1,1,0,0.0,0,1,2,92,58,9,0,5,Low
-5,1,1,11,5,0.455,4,1,3,347,56,41,0,76,High
-17,1,1,15,5,0.333,3,5,4,216,47,170,2,93,Critical
0,0,0,3,1,0.333,0,2,0,38,44,2,0,10,Low
1,0,1,15,1,0.067,2,2,3,289,42,36,1,74,High
5,0,1,7,2,0.286,1,1,4,484,41,29,1,72,High
11,0,1,9,2,0.222,1,1,1,291,21,16,1,50,Medium
0,0,0,3,2,0.667,1,3,1,8,38,16,1,41,Medium
0,0,0,1,1,1.0,1,1,2,145,42,19,1,13,Low
0,0,0,0,0,0.0,0,2,2,84,56,6,0,44,Medium
0,0,1,14,8,0.571,3,3,1,718,44,50,0,72,High
0,0,0,4,1,0.25,0,2,0,8,39,20,0,7,Low
20,0,1,3,2,0.667,1,1,0,133,39,22,0,47,Medium
0,0,0,0,0,0.0,2,2,3,53,28,43,0,48,Medium
-18,1,1,7,1,0.143,3,3,2,1754,39,89,1,93,Critical
-7,1,1,13,5,0.385,3,4,4,632,23,174,1,95,Critical
-5,1,1,6,3,0.5,3,1,4,358,16,42,2,73,High
0,0,0,2,1,0.5,0,2,2,139,55,9,1,9,Low
2,0,1,7,2,0.286,3,2,1,937,13,68,1,71,High
-8,1,1,13,7,0.538,4,2,5,963,23,115,1,95,Critical
-9,1,1,18,1,0.056,4,5,2,1492,13,17,2,94,Critical
4,0,1,12,8,0.667,2,4,3,132,58,18,1,69,High
-10,1,1,20,4,0.2,3,2,4,1675,43,132,1,95,Critical
15,0,1,0,0,0.0,1,0,0,118,44,0,1,11,Low
16,0,1,2,0,0.0,2,1,1,90,43,35,0,42,Medium
-3,1,1,8,4,0.5,4,3,3,155,30,9,2,73,High
0,0,0,0,0,0.0,1,0,0,258,30,6,0,9,Low
-11,1,1,22,9,0.409,2,4,3,1620,59,44,1,92,Critical
0,0,0,0,0,0.0,1,1,1,110,14,17,0,10,Low
-24,1,1,7,4,0.571,2,4,5,587,52,80,0,99,Critical
0,0,0,0,0,0.0,2,1,0,46,33,2,0,9,Low
16,0,1,0,0,0.0,2,1,0,51,55,1,1,8,Low
33,0,1,2,1,0.5,1,1,0,50,34,4,0,7,Low
-18,1,1,17,3,0.176,2,2,2,320,40,148,1,95,Critical
-4,1,1,17,5,0.294,3,3,2,1283,8,63,1,99,Critical
-3,1,1,10,5,0.5,2,1,2,211,43,25,0,75,High
46,0,1,3,2,0.667,0,0,1,264,19,12,0,6,Low
0,0,0,2,1,0.5,0,0,2,257,32,18,1,10,Low
15,0,1,10,3,0.3,2,0,1,53,8,27,1,50,Medium
0,0,0,0,0,0.0,1,1,1,266,56,18,1,6,Low
17,0,1,0,0,0.0,1,1,1,367,34,6,2,46,Medium
3,0,1,11,7,0.636,3,4,4,904,50,49,1,73,High
-14,1,1,12,4,0.333,4,4,3,285,35,125,2,94,Critical
31,0,1,5,0,0.0,0,1,0,118,53,11,1,8,Low
5,0,1,3,1,0.333,1,3,3,438,39,29,0,43,Medium
-1,1,1,12,9,0.75,1,4,4,592,60,83,1,76,High
5,0,1,7,4,0.571,3,2,2,586,11,42,2,65,High
4,0,1,7,2,0.286,2,1,0,341,55,15,1,46,Medium
0,0,0,9,4,0.444,3,3,2,412,52,41,1,50,Medium
42,0,1,4,2,0.5,0,1,0,43,43,11,2,5,Low
40,0,1,0,0,0.0,1,1,0,202,47,0,0,9,Low
0,0,0,1,0,0.0,1,1,0,283,35,20,0,44,Medium
18,0,1,4,2,0.5,2,2,1,37,21,31,0,46,Medium
4,0,1,5,1,0.2,3,1,3,836,15,85,2,69,High
0,0,0,2,1,0.5,0,2,1,274,25,15,0,13,Low
5,0,1,6,4,0.667,3,2,3,431,30,51,1,71,High
3,0,1,7,5,0.714,2,1,2,470,45,28,0,72,High
0,0,0,0,0,0.0,1,1,1,348,21,3,1,39,Low
3,0,1,3,0,0.0,3,2,0,107,41,29,1,51,Medium
0,0,0,5,1,0.2,1,2,1,202,46,28,1,43,Medium
-5,1,1,8,4,0.5,4,3,2,352,27,83,0,94,Critical
42,0,1,0,0,0.0,0,2,0,5,51,1,2,10,Low
-3,1,1,8,4,0.5,1,2,4,292,14,67,2,67,High
8,0,1,1,1,1.0,1,2,1,150,52,22,2,42,Medium
-13,1,1,15,2,0.133,3,2,3,982,14,129,0,98,Critical
0,0,0,1,0,0.0,0,0,0,76,14,17,1,38,Low
0,0,0,0,0,0.0,0,1,3,494,42,28,0,43,Medium
0,0,0,2,1,0.5,1,0,1,528,10,26,1,48,Medium
-1,1,1,12,5,0.417,4,1,4,87,24,48,1,74,High
5,0,1,14,2,0.143,1,4,1,176,37,77,0,65,High
0,0,0,15,2,0.133,2,3,2,461,58,7,0,69,High
3,0,1,6,1,0.167,2,1,1,468,30,53,1,71,High
-24,1,1,15,4,0.267,4,4,5,1359,39,162,0,100,Critical
1,0,1,4,2,0.5,4,4,3,603,43,36,2,75,High
1,0,1,7,1,0.143,3,3,4,742,10,88,1,73,High
2,0,1,7,4,0.571,1,3,1,848,36,7,1,64,High
2,0,1,12,2,0.167,4,3,3,872,38,68,1,70,High
-16,1,1,17,8,0.471,4,3,4,1238,55,100,1,100,Critical
0,0,0,0,0,0.0,1,1,1,17,36,19,1,11,Low
0,0,0,4,0,0.0,2,1,3,454,15,5,1,45,Medium
0,0,0,0,0,0.0,1,2,0,73,22,6,1,12,Low
30,0,1,0,0,0.0,0,1,0,174,33,14,1,6,Low
38,0,1,2,0,0.0,0,2,0,272,8,15,1,5,Low
-1,1,1,8,4,0.5,1,3,1,541,10,78,2,75,High
-11,1,1,15,8,0.533,2,5,5,627,38,165,1,94,Critical
-19,1,1,10,4,0.4,3,2,5,1565,42,161,1,92,Critical
5,0,1,1,1,1.0,2,2,2,3,16,6,1,44,Medium
3,0,1,3,2,0.667,1,2,1,282,57,11,2,49,Medium
0,0,0,6,1,0.167,4,2,4,597,33,89,0,69,High
4,0,1,5,3,0.6,1,3,3,135,17,2,1,48,Medium
0,0,0,1,0,0.0,0,1,1,52,13,10,1,9,Low
-1,1,1,7,1,0.143,1,4,2,646,52,59,0,70,High
5,0,1,15,4,0.267,3,4,4,225,47,40,1,71,High
-1,1,1,11,6,0.545,3,1,2,678,45,80,0,68,High
-15,1,1,18,11,0.611,4,3,4,2000,10,56,1,100,Critical
0,0,0,0,0,0.0,2,1,0,58,19,14,0,10,Low
0,0,0,0,0,0.0,0,1,0,168,55,19,1,10,Low
0,0,0,2,1,0.5,1,1,1,42,18,11,0,12,Low
-12,1,1,25,18,0.72,4,2,5,815,39,130,1,99,Critical
-4,1,1,10,5,0.5,3,2,1,802,51,62,1,75,High
0,0,0,1,1,1.0,0,1,0,101,51,7,1,6,Low
0,0,0,0,0,0.0,2,1,1,28,10,7,0,4,Low
-19,1,1,15,9,0.6,2,5,2,1846,49,164,2,98,Critical
-3,1,1,15,3,0.2,4,3,2,1195,53,146,0,100,Critical
0,0,0,12,2,0.167,3,1,3,401,34,28,1,51,Medium
0,0,0,4,2,0.5,1,0,2,469,50,28,2,49,Medium
1,0,1,11,2,0.182,4,1,1,161,54,12,0,69,High
1,0,1,9,4,0.444,2,2,1,467,34,72,1,69,High
-3,1,1,5,2,0.4,3,1,1,540,26,26,1,70,High
-5,1,1,6,2,0.333,1,1,4,668,14,63,2,75,High
4,0,1,9,5,0.556,4,4,4,510,30,54,0,75,High
-10,1,1,11,5,0.455,3,3,2,1674,21,22,0,91,Critical
2,0,1,15,5,0.333,4,2,4,160,31,54,1,70,High
60,0,1,6,3,0.5,2,2,1,253,33,12,1,13,Low
-28,1,1,15,8,0.533,4,3,4,1466,44,71,2,93,Critical
14,0,1,5,1,0.2,3,0,0,335,14,41,1,43,Medium
0,0,0,0,0,0.0,2,1,1,277,21,3,1,11,Low
9,0,1,3,1,0.333,2,2,2,288,23,20,0,50,Medium
23,0,1,2,1,0.5,1,0,0,62,37,19,1,14,Low
0,0,0,5,1,0.2,0,1,1,73,10,9,1,6,Low
0,0,0,4,1,0.25,0,1,0,118,36,5,0,9,Low
32,0,1,3,2,0.667,0,0,0,134,37,11,1,8,Low
2,0,1,12,1,0.083,3,4,1,668,26,36,0,68,High
2,0,1,4,0,0.0,3,1,3,550,34,57,0,63,High
3,0,1,12,7,0.583,3,3,4,843,37,88,1,76,High
5,0,1,2,1,0.5,2,1,1,202,53,13,2,52,Medium
0,0,1,12,5,0.417,3,4,4,336,52,36,0,75,High
-23,1,1,5,2,0.4,4,2,4,1464,53,163,1,100,Critical
-1,1,1,14,2,0.143,2,2,3,568,60,70,1,74,High
0,0,0,0,0,0.0,1,1,2,123,58,8,1,10,Low
-4,1,1,6,4,0.667,3,3,4,672,59,23,0,71,High
4,0,1,4,1,0.25,3,3,3,419,14,69,0,68,High
-10,1,1,5,0,0.0,4,3,5,309,55,15,0,92,Critical
0,0,0,5,2,0.4,0,0,0,236,27,1,0,48,Medium
0,0,0,0,0,0.0,0,2,0,135,39,8,1,10,Low
34,0,1,0,0,0.0,0,2,1,271,16,17,0,4,Low
10,0,1,2,1,0.5,1,2,2,446,34,39,0,47,Medium
-23,1,1,15,6,0.4,3,3,3,1500,18,116,2,95,Critical
0,0,0,4,1,0.25,2,1,1,118,29,5,0,46,Medium
2,0,1,12,9,0.75,2,1,2,994,54,52,1,69,High
13,0,1,5,3,0.6,2,1,2,466,49,37,0,47,Medium
2,0,1,14,9,0.643,4,4,2,413,43,57,2,67,High
3,0,1,12,7,0.583,2,2,3,702,51,78,0,70,High
0,0,0,5,2,0.4,2,2,1,533,38,24,0,68,High
39,0,1,1,0,0.0,1,1,0,9,16,0,2,2,Low
13,0,1,0,0,0.0,3,3,2,145,37,41,0,49,Medium
0,0,0,4,2,0.5,3,0,2,436,8,40,0,45,Medium
-5,1,1,7,4,0.571,2,3,3,615,30,10,0,73,High
9,0,1,2,1,0.5,3,1,1,166,36,9,1,50,Medium
0,0,0,8,4,0.5,3,2,3,97,43,20,0,68,High
36,0,1,0,0,0.0,0,1,1,278,27,13,0,9,Low
0,0,0,6,2,0.333,0,0,1,180,14,18,0,12,Low
23,0,1,2,1,0.5,1,1,0,199,19,0,1,6,Low
43,0,1,0,0,0.0,1,1,1,264,22,18,1,5,Low
4,0,1,10,6,0.6,2,2,4,157,22,88,2,73,High
-10,1,1,22,11,0.5,2,5,2,1318,45,80,1,95,Critical
0,0,0,0,0,0.0,1,3,1,595,16,11,1,45,Medium
1,0,1,15,6,0.4,4,3,2,399,48,81,1,73,High
0,0,1,15,4,0.267,3,2,4,387,51,60,1,73,High
0,0,0,4,0,0.0,1,1,2,161,17,0,1,7,Low
7,0,1,11,5,0.455,0,2,1,141,53,44,2,42,Medium
-22,1,1,7,1,0.143,3,4,5,1822,52,170,1,93,Critical
-1,1,1,15,2,0.133,3,3,3,868,50,67,2,68,High
1,0,1,5,3,0.6,4,2,2,978,34,76,1,70,High
17,0,1,2,1,0.5,2,1,1,249,39,17,1,14,Low
-8,1,1,12,9,0.75,3,5,5,1676,19,50,2,93,Critical
55,0,1,4,1,0.25,0,0,0,55,37,5,0,3,Low
10,0,1,1,1,1.0,1,1,1,150,34,8,0,46,Medium
2,0,1,8,3,0.375,2,3,3,552,33,76,1,65,High
0,0,0,23,12,0.522,3,2,4,729,39,120,1,90,Critical
23,0,1,0,0,0.0,0,1,1,238,43,8,0,7,Low
-5,1,1,4,1,0.25,1,2,4,993,53,26,1,75,High
-17,1,1,17,12,0.706,4,5,2,1827,44,65,0,94,Critical
-22,1,1,16,5,0.312,4,3,4,1576,47,83,0,92,Critical
-7,1,1,20,15,0.75,3,2,4,549,11,24,1,96,Critical
12,0,1,8,3,0.375,2,0,3,584,9,1,0,45,Medium
0,0,0,0,0,0.0,2,0,2,481,58,24,2,49,Medium
0,0,0,5,2,0.4,2,1,1,171,49,23,0,41,Medium
0,0,0,8,4,0.5,2,1,2,294,44,65,2,71,High
47,0,1,4,2,0.5,1,1,1,23,45,11,1,10,Low
0,0,1,7,3,0.429,3,3,1,628,17,86,1,77,High
58,0,1,3,2,0.667,0,1,1,283,11,10,1,13,Low
-2,1,1,18,15,0.833,4,4,3,908,26,171,2,100,Critical
7,0,1,9,4,0.444,0,1,2,286,24,29,0,47,Medium
11,0,1,10,4,0.4,2,1,1,438,37,40,2,50,Medium
14,0,1,3,1,0.333,2,1,1,109,23,13,2,9,Low
1,0,1,13,7,0.538,2,3,4,171,23,15,2,70,High
0,0,1,4,0,0.0,1,4,1,184,56,23,1,69,High
18,0,1,1,0,0.0,0,0,1,251,52,17,1,7,Low
-1,1,1,3,0,0.0,4,2,2,396,45,24,0,74,High
0,0,0,7,1,0.143,2,2,3,459,37,3,0,41,Medium
0,0,0,2,0,0.0,1,2,1,279,23,12,0,8,Low
0,0,0,1,0,0.0,2,2,0,177,49,20,1,8,Low
3,0,1,12,4,0.333,3,4,2,112,36,23,2,73,High
-21,1,1,21,3,0.143,2,3,5,1138,26,180,0,99,Critical
-1,1,1,7,5,0.714,2,4,4,814,26,36,0,68,High
0,0,0,5,0,0.0,1,1,1,142,21,5,0,8,Low
-7,1,1,20,13,0.65,2,2,5,494,43,153,1,98,Critical
-2,1,1,10,5,0.5,3,1,2,701,32,90,1,74,High
0,0,0,8,4,0.5,3,3,3,76,48,50,1,66,High
-19,1,1,15,10,0.667,2,3,4,493,57,29,2,97,Critical
-19,1,1,14,12,0.857,3,4,3,322,43,66,0,94,Critical
8,0,1,0,0,0.0,1,2,1,446,58,15,0,46,Medium
-9,1,1,20,14,0.7,4,4,2,1648,49,20,1,97,Critical
0,0,0,6,1,0.167,1,2,0,257,19,11,0,12,Low
-30,1,1,24,1,0.042,3,2,3,1229,18,35,2,90,Critical
0,0,1,4,1,0.25,3,1,1,575,17,26,0,67,High
0,0,0,0,0,0.0,0,1,1,288,40,2,1,7,Low
-2,1,1,15,2,0.133,3,3,3,490,11,10,2,76,High
15,0,1,2,1,0.5,1,2,2,515,9,5,0,42,Medium
-5,1,1,12,8,0.667,3,3,4,985,21,83,2,78,High
18,0,1,1,0,0.0,1,0,0,110,52,0,1,7,Low
18,0,1,12,7,0.583,2,3,2,144,15,44,0,49,Medium
-17,1,1,22,2,0.091,3,3,5,600,41,115,2,100,Critical
2,0,1,5,2,0.4,2,1,4,283,15,20,1,65,High
25,0,1,3,0,0.0,1,1,2,37,32,13,1,7,Low
1,0,1,7,2,0.286,1,2,4,562,22,38,1,72,High
-1,1,1,12,2,0.167,1,3,4,856,17,61,0,71,High
-4,1,1,14,9,0.643,2,4,2,449,51,74,0,75,High
14,0,1,0,0,0.0,3,2,2,19,41,16,0,45,Medium
-5,1,1,23,7,0.304,3,4,4,1994,32,45,1,97,Critical
0,0,0,2,0,0.0,1,0,0,6,45,3,0,8,Low
0,0,0,0,0,0.0,0,1,1,46,36,1,0,6,Low
5,0,1,6,1,0.167,1,3,2,579,48,20,1,53,Medium
54,0,1,1,1,1.0,1,1,0,207,28,15,1,9,Low
0,0,0,1,1,1.0,1,3,1,38,15,44,2,48,Medium
-12,1,1,12,7,0.583,2,2,5,943,60,91,0,97,Critical
0,0,0,7,4,0.571,2,4,4,54,29,14,1,64,High
0,0,0,0,0,0.0,1,1,1,9,31,4,1,13,Low
15,0,1,7,3,0.429,1,2,0,14,57,13,1,47,Medium
0,0,0,5,2,0.4,1,1,1,292,39,16,0,12,Low
-21,1,1,13,6,0.462,3,4,5,848,40,127,0,94,Critical
0,0,0,2,0,0.0,2,0,1,91,30,12,1,12,Low
0,0,0,2,0,0.0,1,0,0,263,16,10,0,5,Low
9,0,1,10,2,0.2,2,1,1,236,57,14,2,51,Medium
13,0,1,0,0,0.0,1,2,2,54,45,1,1,44,Medium
-2,1,1,13,7,0.538,2,2,3,425,45,58,1,69,High
38,0,1,0,0,0.0,1,1,1,157,52,9,1,8,Low
-20,1,1,9,5,0.556,4,5,3,1526,41,168,1,99,Critical
0,0,0,0,0,0.0,1,1,2,23,46,16,0,43,Medium
-30,1,1,5,3,0.6,4,5,5,1089,27,180,1,97,Critical
0,0,1,4,1,0.25,2,1,2,590,30,49,0,72,High
-1,1,1,12,4,0.333,2,3,1,255,50,78,1,67,High
7,0,1,4,2,0.5,1,1,2,171,18,23,1,49,Medium
-30,1,1,23,10,0.435,3,2,2,1435,55,16,1,99,Critical
18,0,1,5,1,0.2,2,1,1,441,57,4,1,44,Medium
11,0,1,5,2,0.4,2,3,2,239,53,35,1,46,Medium
42,0,1,2,1,0.5,1,0,1,276,60,16,0,5,Low
-3,1,1,23,6,0.261,3,5,4,1005,30,169,2,92,Critical
-2,1,1,4,2,0.5,2,1,1,264,45,49,2,73,High
5,0,1,0,0,0.0,2,1,3,243,33,37,2,51,Medium
-10,1,1,14,3,0.214,4,2,4,1267,50,168,1,98,Critical
-5,1,1,11,7,0.636,2,2,2,1993,43,21,0,94,Critical
15,0,1,6,1,0.167,1,1,1,227,38,37,1,41,Medium
0,0,1,16,4,0.25,2,2,5,1637,12,39,1,98,Critical
0,0,0,1,0,0.0,2,1,2,241,8,15,0,12,Low
0,0,0,4,2,0.5,0,2,1,189,11,2,0,12,Low
0,0,0,5,3,0.6,0,1,0,332,11,23,1,45,Medium
6,0,1,5,3,0.6,1,0,2,560,11,4,2,50,Medium
0,0,0,2,1,0.5,0,2,2,277,23,2,1,13,Low
-3,1,1,21,9,0.429,3,2,5,1895,51,47,1,93,Critical
12,0,1,0,0,0.0,3,2,1,453,20,28,0,42,Medium
4,0,1,0,0,0.0,3,3,1,480,32,19,1,50,Medium
0,0,1,8,2,0.25,4,5,5,480,43,152,1,91,Critical
2,0,1,13,10,0.769,2,3,1,211,17,15,2,73,High
34,0,1,0,0,0.0,0,1,0,92,11,3,0,5,Low
21,0,1,0,0,0.0,1,1,2,117,23,9,1,6,Low
30,0,1,0,0,0.0,0,2,2,38,59,8,2,12,Low
-16,1,1,20,6,0.3,2,3,4,292,39,52,0,91,Critical
-9,1,1,9,2,0.222,3,4,3,1036,51,102,2,94,Critical
-8,1,1,21,5,0.238,4,3,3,1733,12,140,2,96,Critical
37,0,1,0,0,0.0,1,2,0,134,35,14,0,6,Low
3,0,1,14,3,0.214,3,2,1,690,43,67,1,66,High
12,0,1,8,1,0.125,1,1,0,124,46,1,2,42,Medium
18,0,1,11,2,0.182,3,1,2,283,9,38,2,48,Medium
20,0,1,5,1,0.2,1,0,1,518,59,6,2,42,Medium
0,0,0,10,2,0.2,2,3,1,991,36,33,0,71,High
39,0,1,2,2,1.0,0,2,0,235,36,0,0,7,Low
0,0,0,1,0,0.0,0,2,2,257,16,13,2,11,Low
16,0,1,1,0,0.0,1,3,0,279,21,35,0,41,Medium
0,0,0,0,0,0.0,0,2,0,14,37,12,1,10,Low
5,0,1,4,2,0.5,1,1,4,794,24,50,1,65,High
58,0,1,0,0,0.0,1,1,1,252,44,15,0,4,Low
4,0,1,15,12,0.8,3,1,3,233,10,62,2,64,High
1,0,1,10,1,0.1,1,2,1,317,59,81,1,72,High
5,0,1,4,0,0.0,2,3,4,279,19,74,1,65,High
-9,1,1,16,6,0.375,4,5,5,524,31,82,2,95,Critical
-21,1,1,8,7,0.875,3,5,5,621,35,174,2,98,Critical
47,0,1,0,0,0.0,1,1,0,245,21,18,0,9,Low
-15,1,1,20,12,0.6,4,5,4,1417,32,114,2,93,Critical
-2,1,1,10,5,0.5,3,3,3,713,43,11,1,71,High
3,0,1,3,1,0.333,2,3,2,493,33,34,0,47,Medium
11,0,1,0,0,0.0,1,1,3,281,54,6,0,44,Medium
-26,1,1,21,6,0.286,3,3,5,1493,35,162,1,100,Critical
-3,1,1,6,3,0.5,1,4,3,164,60,49,1,72,High
13,0,1,3,1,0.333,3,3,1,480,25,13,1,51,Medium
5,0,1,9,4,0.444,2,1,2,828,11,66,0,73,High
15,0,1,0,0,0.0,0,1,1,372,41,39,1,49,Medium
0,0,0,3,2,0.667,2,3,1,67,60,3,1,46,Medium
11,0,1,0,0,0.0,2,1,2,359,29,30,0,41,Medium
-30,1,1,19,9,0.474,4,3,5,1845,24,79,1,100,Critical
8,0,1,1,0,0.0,0,1,0,350,49,10,1,41,Medium
-2,1,1,12,4,0.333,4,4,5,922,58,81,2,92,Critical
0,0,0,6,0,0.0,1,1,0,65,16,6,0,9,Low
36,0,1,2,0,0.0,1,2,0,248,14,19,0,7,Low
31,0,1,5,2,0.4,0,0,0,185,13,11,1,7,Low
0,0,0,3,2,0.667,1,1,0,346,53,1,2,44,Medium
0,0,1,9,6,0.667,4,3,3,852,40,52,1,71,High
2,0,1,10,1,0.1,2,3,3,638,59,30,1,72,High
0,0,0,6,2,0.333,0,1,1,236,50,8,2,8,Low
-16,1,1,5,3,0.6,4,5,4,453,26,53,2,100,Critical
13,0,1,3,2,0.667,2,2,1,344,50,24,2,50,Medium
3,0,1,12,9,0.75,2,3,1,358,38,81,0,67,High
10,0,1,9,6,0.667,2,2,2,248,58,5,1,44,Medium
-29,1,1,11,10,0.909,3,3,3,1368,23,124,1,94,Critical
12,0,1,0,0,0.0,2,2,2,442,25,26,0,49,Medium
-6,1,1,14,6,0.429,3,5,4,504,39,119,1,95,Critical
17,0,1,3,2,0.667,1,1,1,456,28,43,0,40,Medium
-5,1,1,5,2,0.4,3,5,4,1768,15,164,1,93,Critical
0,0,0,0,0,0.0,0,1,0,26,22,7,0,5,Low
12,0,1,5,3,0.6,1,1,3,337,50,21,1,47,Medium
-5,1,1,8,3,0.375,1,1,2,988,24,57,1,67,High
30,0,1,0,0,0.0,0,0,2,261,37,13,0,8,Low
3,0,1,4,1,0.25,1,1,1,560,19,21,0,53,Medium
-12,1,1,6,3,0.5,3,4,3,624,13,66,1,93,Critical
53,0,1,2,0,0.0,0,1,0,219,38,3,2,4,Low
0,0,0,1,0,0.0,0,1,0,102,13,14,0,4,Low
-19,1,1,5,1,0.2,4,5,3,713,51,130,1,93,Critical
-19,1,1,18,12,0.667,2,5,2,1072,52,162,0,93,Critical
-2,1,1,6,2,0.333,2,2,1,694,34,54,1,75,High
7,0,1,4,1,0.25,2,2,2,338,57,8,1,49,Medium
-2,1,1,10,1,0.1,4,3,3,248,33,66,1,69,High
31,0,1,0,0,0.0,1,1,1,282,48,7,2,8,Low
17,0,1,0,0,0.0,2,3,1,576,52,16,0,40,Medium
-2,1,1,13,9,0.692,3,1,4,652,60,34,2,70,High
23,0,1,0,0,0.0,0,2,1,254,8,12,2,9,Low
-25,1,1,23,11,0.478,3,3,5,253,12,46,2,99,Critical
0,0,0,1,1,1.0,1,1,2,1,52,17,0,11,Low
18,0,1,1,0,0.0,0,1,0,394,33,33,0,43,Medium
5,0,1,12,1,0.083,4,2,2,87,44,52,2,71,High
0,0,1,10,3,0.3,4,3,4,704,39,67,0,71,High
0,0,0,2,1,0.5,0,0,0,197,13,19,1,6,Low
4,0,1,9,1,0.111,4,2,2,428,21,37,1,71,High
0,0,1,14,10,0.714,3,2,1,189,15,83,1,75,High
-25,1,1,9,3,0.333,2,3,2,1102,59,179,1,100,Critical
18,0,1,5,1,0.2,1,1,3,308,12,14,0,45,Medium
-29,1,1,11,5,0.455,3,5,4,1123,14,178,1,97,Critical
4,0,1,6,1,0.167,2,3,3,871,47,20,0,63,High
20,0,1,5,2,0.4,0,3,2,219,58,10,1,49,Medium
-5,1,1,9,4,0.444,2,3,2,443,53,30,1,72,High
-28,1,1,12,1,0.083,3,4,3,765,24,112,1,93,Critical
0,0,0,10,6,0.6,3,1,1,345,14,9,0,45,Medium
13,0,1,2,1,0.5,2,1,1,12,49,9,1,48,Medium
-12,1,1,7,3,0.429,4,2,2,1532,26,86,0,93,Critical
6,0,1,2,1,0.5,2,0,0,166,49,2,0,44,Medium
-4,1,1,5,2,0.4,2,4,2,868,14,83,0,77,High
-4,1,1,3,1,0.333,2,1,1,245,23,14,1,67,High
11,0,1,9,4,0.444,2,2,3,161,36,1,2,49,Medium
20,0,1,4,2,0.5,2,1,0,552,9,45,2,40,Medium
0,0,0,4,1,0.25,1,1,3,352,42,18,0,47,Medium
0,0,0,0,0,0.0,0,1,0,282,40,5,1,12,Low
19,0,1,0,0,0.0,3,3,1,467,41,42,0,48,Medium
9,0,1,3,1,0.333,2,0,0,480,27,42,0,49,Medium
16,0,1,1,0,0.0,3,0,1,592,31,23,0,39,Low
-1,1,1,9,5,0.556,4,2,3,162,59,19,0,76,High
18,0,1,0,0,0.0,2,0,3,498,37,33,1,48,Medium
-4,1,1,4,2,0.5,4,4,1,958,27,74,2,77,High
-7,1,1,23,5,0.217,4,5,3,1751,23,141,2,100,Critical
-6,1,1,23,19,0.826,4,4,2,254,27,74,2,90,Critical
-22,1,1,7,2,0.286,4,5,2,475,49,146,1,95,Critical
56,0,1,0,0,0.0,2,1,1,109,16,6,0,7,Low
-21,1,1,8,6,0.75,4,3,4,950,17,99,2,100,Critical
5,0,1,1,0,0.0,2,2,3,572,38,38,1,49,Medium
-13,1,1,23,4,0.174,4,3,5,1517,15,176,1,100,Critical
0,0,0,0,0,0.0,1,1,2,510,57,38,1,48,Medium
53,0,1,3,2,0.667,2,1,0,200,45,4,0,6,Low
2,0,1,3,2,0.667,4,4,1,836,30,52,0,68,High
47,0,1,3,1,0.333,0,1,1,269,16,17,2,11,Low
11,0,1,5,3,0.6,3,3,3,177,25,19,1,47,Medium
0,0,1,18,5,0.278,4,3,4,815,9,141,0,93,Critical
0,0,0,1,1,1.0,0,0,2,216,24,16,1,12,Low
0,0,0,9,1,0.111,1,1,1,289,16,34,0,42,Medium
37,0,1,0,0,0.0,0,0,2,235,17,8,0,8,Low
38,0,1,1,0,0.0,2,0,0,172,39,8,0,5,Low
-9,1,1,10,4,0.4,4,5,5,1539,57,76,1,99,Critical
11,0,1,4,3,0.75,1,1,3,337,33,21,0,50,Medium
0,0,0,7,3,0.429,2,0,1,379,48,38,0,48,Medium
5,0,1,12,8,0.667,2,4,2,419,52,40,2,69,High
33,0,1,1,0,0.0,1,1,1,261,59,4,0,9,Low
-1,1,1,9,1,0.111,2,1,1,193,20,22,0,70,High
54,0,1,2,1,0.5,0,0,2,184,16,3,1,9,Low
3,0,1,7,2,0.286,1,3,2,520,39,78,1,68,High
0,0,0,3,1,0.333,1,1,0,459,59,13,1,46,Medium
52,0,1,6,5,0.833,0,1,0,209,32,8,1,7,Low
-30,1,1,9,6,0.667,2,3,2,1176,41,180,1,97,Critical
-2,1,1,7,4,0.571,3,2,2,889,21,88,2,69,High
-15,1,1,10,3,0.3,3,2,4,596,58,174,1,95,Critical
-25,1,1,23,13,0.565,4,3,2,1338,21,130,1,94,Critical
11,0,1,3,2,0.667,0,3,2,464,9,43,2,45,Medium
0,0,0,0,0,0.0,2,0,2,165,10,18,0,11,Low
14,0,1,9,6,0.667,3,0,0,14,12,36,1,44,Medium
-10,1,1,20,6,0.3,3,4,5,864,14,101,1,93,Critical
1,0,1,5,3,0.6,4,4,3,156,22,76,2,74,High
45,0,1,0,0,0.0,0,0,2,293,58,9,0,5,Low
16,0,1,3,2,0.667,1,1,0,88,26,4,0,46,Medium
-5,1,1,5,1,0.2,4,3,2,949,24,21,1,71,High
15,0,1,5,3,0.6,2,1,1,442,9,45,2,47,Medium
-1,1,1,15,9,0.6,3,4,4,70,34,7,1,71,High
0,0,0,2,1,0.5,0,0,1,222,9,17,0,8,Low
0,0,0,4,1,0.25,1,1,1,40,32,15,2,9,Low
12,0,1,8,5,0.625,1,2,1,124,39,34,0,48,Medium
9,0,1,0,0,0.0,1,1,1,224,59,37,2,41,Medium
0,0,0,2,0,0.0,2,1,1,523,15,17,2,44,Medium
5,0,1,11,5,0.455,0,1,1,410,31,32,2,47,Medium
19,0,1,3,1,0.333,1,1,1,328,41,12,0,46,Medium
-28,1,1,22,12,0.545,3,4,2,1048,35,169,0,95,Critical
16,0,1,0,0,0.0,1,0,1,97,23,18,1,7,Low
11,0,1,3,1,0.333,2,1,0,296,37,23,0,50,Medium
0,0,0,3,1,0.333,2,0,0,178,53,12,2,13,Low
-5,1,1,12,7,0.583,2,1,4,182,59,40,2,76,High
9,0,1,11,9,0.818,2,3,0,4,47,9,1,48,Medium
7,0,1,0,0,0.0,3,0,1,360,27,25,0,45,Medium
-2,1,1,13,8,0.615,2,3,1,584,13,26,1,76,High
0,0,0,0,0,0.0,2,2,1,97,25,11,0,13,Low
0,0,0,10,7,0.7,1,0,1,4,23,20,2,47,Medium
16,0,1,3,1,0.333,2,1,1,487,19,15,0,42,Medium
0,0,0,2,1,0.5,2,0,0,35,48,11,0,11,Low
8,0,1,0,0,0.0,0,2,2,71,46,9,1,50,Medium
0,0,1,13,6,0.462,3,1,3,871,10,30,0,68,High
-22,1,1,13,8,0.615,4,3,5,746,45,88,1,98,Critical
17,0,1,5,3,0.6,2,1,0,519,20,29,2,41,Medium
-3,1,1,14,5,0.357,3,4,4,506,27,49,1,71,High
-18,1,1,18,10,0.556,4,4,2,884,28,89,1,100,Critical
57,0,1,0,0,0.0,1,1,0,210,48,0,0,5,Low
11,0,1,0,0,0.0,2,1,3,130,24,21,0,44,Medium
-17,1,1,7,1,0.143,4,4,3,1079,9,92,1,97,Critical
14,0,1,3,2,0.667,3,0,1,471,42,28,1,46,Medium
17,0,1,3,3,1.0,2,3,1,316,48,45,1,51,Medium
-12,1,1,25,9,0.36,4,5,3,1369,39,136,1,100,Critical
4,0,1,0,0,0.0,1,2,2,259,35,41,0,48,Medium
1,0,1,9,3,0.333,1,2,4,825,58,73,1,73,High
-2,1,1,7,3,0.429,2,1,2,762,55,90,0,74,High
0,0,0,15,4,0.267,2,2,1,143,48,27,0,63,High
0,0,0,0,0,0.0,0,0,1,40,19,5,0,4,Low
10,0,1,4,2,0.5,3,1,1,14,13,1,1,50,Medium
0,0,0,2,1,0.5,1,1,1,58,15,11,2,9,Low
0,0,0,13,4,0.308,2,2,2,1476,54,74,1,86,Critical
-5,1,1,12,3,0.25,3,2,2,321,32,16,1,68,High
-1,1,1,14,3,0.214,3,2,2,961,15,56,1,72,High
-25,1,1,15,5,0.333,4,3,5,1991,38,79,1,100,Critical
-28,1,1,13,4,0.308,3,2,2,1561,18,101,0,95,Critical
-5,1,1,11,6,0.545,2,2,1,716,28,64,1,72,High
7,0,1,0,0,0.0,2,2,3,133,13,1,0,49,Medium
4,0,1,0,0,0.0,2,1,0,480,25,41,1,45,Medium
0,0,0,9,1,0.111,0,1,3,91,27,11,2,46,Medium
31,0,1,2,1,0.5,0,1,1,224,9,13,2,5,Low
43,0,1,4,2,0.5,0,1,1,128,16,11,2,8,Low
19,0,1,0,0,0.0,1,2,1,469,20,11,1,41,Medium
53,0,1,3,1,0.333,1,0,1,270,45,9,1,10,Low
20,0,1,0,0,0.0,2,3,1,341,27,15,2,45,Medium
-4,1,1,5,3,0.6,3,1,3,457,41,32,1,69,High
-4,1,1,13,2,0.154,2,3,2,327,24,44,2,68,High
8,0,1,0,0,0.0,0,0,1,165,34,40,0,42,Medium
0,0,0,2,1,0.5,0,1,1,540,11,32,0,48,Medium
4,0,1,13,4,0.308,3,2,1,397,9,66,2,67,High
15,0,1,3,1,0.333,0,3,2,275,9,41,1,44,Medium
-5,1,1,7,1,0.143,2,5,2,990,8,100,0,89,Critical
-6,1,1,20,13,0.65,4,3,5,1816,13,144,2,96,Critical
4,0,1,15,9,0.6,2,4,3,217,24,11,2,73,High
36,0,1,1,1,1.0,0,2,1,139,39,14,2,9,Low
20,0,1,2,0,0.0,1,0,1,102,8,3,0,48,Medium
-3,1,1,15,4,0.267,2,4,4,485,33,8,2,69,High
5,0,1,7,1,0.143,4,3,1,589,30,9,2,65,High
2,0,1,12,5,0.417,2,3,1,892,37,64,1,74,High
13,0,1,8,3,0.375,3,2,2,429,38,30,1,51,Medium
-2,1,1,9,7,0.778,2,4,3,744,41,81,2,71,High
0,0,0,4,1,0.25,2,1,1,556,47,22,0,42,Medium
15,0,1,8,2,0.25,1,0,1,510,46,34,1,48,Medium
15,0,1,7,2,0.286,3,2,2,62,49,33,2,51,Medium
-13,1,1,10,4,0.4,3,2,2,1388,23,75,2,93,Critical
11,0,1,5,1,0.2,0,2,2,206,21,23,1,43,Medium
0,0,0,8,4,0.5,2,1,1,29,8,30,0,48,Medium
1,0,1,9,6,0.667,3,3,2,802,11,39,1,67,High
0,0,1,6,2,0.333,2,4,4,836,46,21,0,70,High
0,0,0,3,1,0.333,2,2,2,282,18,21,2,46,Medium
-5,1,1,11,2,0.182,2,4,4,663,55,51,2,78,High
0,0,0,0,0,0.0,0,1,1,236,10,15,2,8,Low
-1,1,1,10,4,0.4,4,2,1,444,53,41,1,75,High
0,0,0,1,0,0.0,2,1,3,533,34,33,0,43,Medium
-1,1,1,17,8,0.471,3,4,5,1509,20,17,1,93,Critical
-4,1,1,13,7,0.538,1,4,4,915,41,46,1,71,High
0,0,0,2,1,0.5,3,1,1,584,23,12,0,48,Medium
-27,1,1,7,4,0.571,3,5,3,1155,34,180,0,92,Critical
14,0,1,7,5,0.714,2,1,2,1,38,20,2,46,Medium
0,0,0,2,2,1.0,1,0,0,211,42,2,0,8,Low
7,0,1,0,0,0.0,1,2,2,65,18,7,0,42,Medium
-2,1,1,14,2,0.143,3,3,4,229,25,71,0,69,High
3,0,1,0,0,0.0,1,2,0,110,53,43,0,46,Medium
35,0,1,0,0,0.0,2,1,1,31,16,14,1,8,Low
14,0,1,0,0,0.0,2,1,0,4,25,5,0,47,Medium
1,0,1,5,3,0.6,2,2,2,770,50,56,0,69,High
30,0,1,2,1,0.5,0,2,1,202,10,2,1,10,Low
-2,1,1,13,8,0.615,2,3,2,442,34,8,2,72,High
0,0,0,0,0,0.0,2,3,3,219,14,36,2,50,Medium
-3,1,1,6,2,0.333,1,4,2,352,50,39,1,71,High
15,0,1,0,0,0.0,1,1,2,5,29,38,2,41,Medium
0,0,0,5,1,0.2,2,0,0,217,28,7,0,42,Medium
-28,1,1,17,7,0.412,3,2,4,1445,22,133,1,94,Critical
0,0,0,0,0,0.0,1,1,1,589,41,25,1,46,Medium
8,0,1,0,0,0.0,2,3,2,201,55,23,1,44,Medium
4,0,1,13,5,0.385,4,2,2,302,10,78,1,69,High
26,0,1,2,1,0.5,0,1,2,240,41,17,0,6,Low
17,0,1,9,5,0.556,1,1,0,4,12,31,0,49,Medium
20,0,1,0,0,0.0,1,1,3,543,36,29,0,48,Medium
2,0,1,10,6,0.6,3,1,2,322,26,83,1,73,High
-3,1,1,14,11,0.786,3,3,3,744,41,73,1,74,High
0,0,0,0,0,0.0,1,1,1,253,11,1,1,11,Low
5,0,1,2,1,0.5,0,2,0,496,30,21,1,45,Medium
0,0,0,0,0,0.0,3,0,3,345,48,31,2,41,Medium
-3,1,1,9,5,0.556,3,1,4,841,55,27,1,74,High
-19,1,1,13,3,0.231,3,5,5,1740,47,61,1,100,Critical
0,0,0,4,3,0.75,2,1,2,94,25,11,0,15,Low
0,0,0,4,1,0.25,2,1,0,103,8,5,1,10,Low
4,0,1,13,5,0.385,2,2,1,249,32,25,2,68,High
27,0,1,1,0,0.0,2,0,1,148,26,12,0,6,Low
-8,1,1,14,1,0.071,2,2,4,1803,51,141,1,94,Critical
23,0,1,0,0,0.0,1,0,0,169,32,14,1,4,Low
-5,1,1,15,9,0.6,3,4,1,807,50,14,0,72,High
0,0,0,0,0,0.0,1,1,1,163,22,15,2,11,Low
3,0,1,8,7,0.875,2,3,3,917,18,8,1,69,High
41,0,1,1,0,0.0,1,0,0,101,55,3,0,5,Low
14,0,1,6,5,0.833,0,2,0,92,33,1,1,13,Low
-29,1,1,12,1,0.083,3,3,4,1735,10,167,0,100,Critical
12,0,1,2,1,0.5,2,1,1,598,20,38,0,46,Medium
0,0,0,1,0,0.0,1,0,3,278,15,43,1,40,Medium
4,0,1,12,8,0.667,2,1,1,532,30,22,1,67,High
9,0,1,3,1,0.333,2,1,0,138,24,15,0,44,Medium
7,0,1,5,1,0.2,1,1,1,373,36,8,1,51,Medium
1,0,1,10,6,0.6,3,1,4,372,25,26,1,66,High
0,0,0,0,0,0.0,1,1,2,21,30,16,1,10,Low
-11,1,1,20,5,0.25,2,4,5,873,25,83,1,92,Critical
1,0,1,8,5,0.625,1,4,4,288,33,85,1,75,High
5,0,1,8,4,0.5,3,4,3,961,40,34,0,70,High
38,0,1,0,0,0.0,1,0,1,60,29,1,0,9,Low
-3,1,1,4,2,0.5,2,2,1,220,18,69,2,73,High
0,0,1,11,2,0.182,2,3,3,247,21,66,1,74,High
-1,1,1,14,5,0.357,3,1,3,817,34,46,0,69,High
52,0,1,3,1,0.333,1,0,1,257,45,10,1,7,Low
0,0,0,1,0,0.0,1,2,0,141,50,14,1,13,Low
0,0,0,5,2,0.4,2,3,1,865,8,62,1,62,High
17,0,1,4,2,0.5,2,1,0,253,36,14,0,13,Low
-1,1,1,14,7,0.5,3,4,2,633,54,84,2,69,High
5,0,1,0,0,0.0,2,1,3,279,34,31,0,51,Medium
-11,1,1,8,1,0.125,4,4,4,267,38,61,1,97,Critical
1,0,1,7,3,0.429,1,1,3,289,44,88,0,69,High
-30,1,1,7,1,0.143,4,3,2,881,56,129,1,92,Critical
-16,1,1,16,8,0.5,4,4,5,217,39,107,2,98,Critical
0,0,0,5,4,0.8,1,3,1,406,19,39,0,48,Medium
0,0,0,3,1,0.333,1,1,1,111,59,2,1,10,Low
-22,1,1,7,1,0.143,3,5,4,1599,23,110,0,98,Critical
-27,1,1,5,2,0.4,2,2,4,1281,50,41,0,98,Critical
0,0,0,2,1,0.5,0,1,3,255,46,1,1,42,Medium
-8,1,1,15,3,0.2,2,2,2,1623,59,26,1,100,Critical
-12,1,1,5,1,0.2,4,3,2,529,41,88,2,95,Critical
0,0,0,0,0,0.0,1,0,0,2,23,18,0,8,Low
0,0,0,4,3,0.75,3,3,3,98,10,14,0,45,Medium
0,0,0,5,2,0.4,0,2,2,282,44,15,0,11,Low
13,0,1,0,0,0.0,0,3,0,224,60,24,0,46,Medium
25,0,1,0,0,0.0,2,1,0,212,35,4,2,9,Low
3,0,1,14,12,0.857,3,3,3,700,58,67,2,72,High
0,0,0,23,10,0.435,3,4,4,1976,57,18,0,91,Critical
9,0,1,2,1,0.5,2,2,1,437,55,30,2,43,Medium
3,0,1,0,0,0.0,1,1,1,403,49,2,1,44,Medium
0,0,0,0,0,0.0,1,0,1,68,56,8,0,8,Low
0,0,0,21,7,0.333,3,4,3,390,45,39,2,88,Critical
56,0,1,2,1,0.5,1,2,1,126,54,11,1,11,Low
0,0,0,18,7,0.389,4,2,5,1659,41,179,1,95,Critical
5,0,1,15,5,0.333,3,2,1,167,11,78,1,67,High
-12,1,1,16,7,0.438,4,4,5,1590,58,132,1,93,Critical
1,0,1,12,8,0.667,2,1,4,236,57,47,0,74,High
46,0,1,3,0,0.0,2,1,1,93,27,8,0,5,Low
5,0,1,12,4,0.333,2,1,3,335,21,15,2,46,Medium
27,0,1,1,0,0.0,0,1,1,131,40,0,0,3,Low
0,0,0,3,2,0.667,1,1,1,242,31,4,1,10,Low
4,0,1,5,4,0.8,3,3,3,594,49,64,1,73,High
57,0,1,2,1,0.5,1,1,0,207,22,7,0,8,Low
15,0,1,0,0,0.0,2,1,0,27,32,11,1,10,Low
0,0,0,0,0,0.0,1,2,1,200,55,45,1,45,Medium
13,0,1,5,2,0.4,1,1,0,369,52,20,1,44,Medium
0,0,0,1,0,0.0,0,1,1,107,9,14,2,42,Medium
5,0,1,2,1,0.5,2,1,2,361,52,27,1,43,Medium
14,0,1,1,0,0.0,0,2,0,114,31,7,0,10,Low
-21,1,1,20,7,0.35,2,4,5,767,8,106,1,96,Critical
-20,1,1,14,6,0.429,3,4,2,1730,46,100,1,96,Critical
0,0,0,4,1,0.25,0,1,0,169,34,7,2,12,Low
24,0,1,0,0,0.0,1,0,1,105,39,17,2,6,Low
-1,1,1,15,7,0.467,3,4,1,689,45,68,2,76,High
52,0,1,2,1,0.5,0,1,0,186,40,6,1,7,Low
-13,1,1,13,6,0.462,4,4,5,332,38,125,1,96,Critical
-4,1,1,12,2,0.167,2,1,4,390,11,54,1,70,High
13,0,1,0,0,0.0,1,1,0,418,55,9,2,48,Medium
0,0,0,12,5,0.417,3,3,4,1996,45,63,2,92,Critical
-30,1,1,22,15,0.682,3,5,4,1496,35,134,1,98,Critical
1,0,1,12,8,0.667,3,4,4,565,50,48,2,77,High
0,0,0,4,2,0.5,2,1,1,75,29,12,0,12,Low
2,0,1,15,1,0.067,3,3,1,783,29,82,2,74,High
-3,1,1,6,4,0.667,3,3,1,837,19,65,1,71,High
-15,1,1,21,11,0.524,2,4,3,1121,44,159,2,100,Critical
19,0,1,2,1,0.5,2,1,3,209,42,28,1,44,Medium
42,0,1,0,0,0.0,0,2,0,226,16,15,2,7,Low
20,0,1,8,4,0.5,3,1,0,350,9,32,1,49,Medium
0,0,0,2,0,0.0,2,0,2,438,13,44,2,40,Medium
-20,1,1,6,3,0.5,3,3,3,1482,27,136,0,98,Critical
10,0,1,4,2,0.5,1,1,1,168,12,20,0,48,Medium
0,0,0,2,0,0.0,0,1,0,20,54,1,0,10,Low
-12,1,1,19,1,0.053,4,2,5,631,46,32,1,91,Critical
23,0,1,0,0,0.0,1,1,1,65,40,14,0,9,Low
0,0,0,0,0,0.0,0,0,0,288,58,20,1,9,Low
-2,1,1,17,4,0.235,4,2,4,1908,51,78,1,96,Critical
5,0,1,12,6,0.5,1,2,3,474,20,36,0,52,Medium
2,0,1,3,1,0.333,2,4,3,725,35,22,1,68,High
16,0,1,1,0,0.0,1,3,3,368,48,23,0,44,Medium
11,0,1,5,2,0.4,1,1,1,154,39,26,0,45,Medium
-3,1,1,14,4,0.286,3,4,4,348,48,62,2,77,High
12,0,1,7,5,0.714,2,1,1,506,53,11,2,49,Medium
0,0,0,0,0,0.0,1,1,2,105,46,3,0,5,Low
-5,1,1,8,2,0.25,2,2,2,1015,22,117,1,99,Critical
-6,1,1,12,7,0.583,2,5,2,936,51,138,1,94,Critical
0,0,1,25,10,0.4,4,3,3,836,52,140,1,97,Critical
0,0,0,3,2,0.667,4,3,1,129,33,48,2,66,High
1,0,1,9,2,0.222,2,3,1,596,36,34,1,67,High
-5,1,1,3,2,0.667,3,2,1,985,38,13,1,74,High
47,0,1,0,0,0.0,0,0,1,272,19,3,2,6,Low
16,0,1,6,4,0.667,2,0,1,151,58,15,1,11,Low
31,0,1,1,1,1.0,0,1,1,244,29,11,0,9,Low
0,0,0,1,0,0.0,2,0,1,39,34,7,1,7,Low
-24,1,1,5,2,0.4,4,5,3,556,56,112,0,90,Critical
6,0,1,4,2,0.5,3,0,2,302,43,21,1,45,Medium
0,0,0,4,2,0.5,1,2,0,188,9,2,0,10,Low
-20,1,1,5,2,0.4,3,3,4,1390,27,56,2,96,Critical
0,0,0,2,1,0.5,0,1,0,62,15,10,1,9,Low
30,0,1,0,0,0.0,2,1,1,186,36,9,2,10,Low
0,0,0,1,0,0.0,2,1,0,162,58,20,0,5,Low
6,0,1,4,0,0.0,1,3,2,534,38,41,2,48,Medium
0,0,0,8,3,0.375,0,2,2,448,21,36,2,42,Medium
-15,1,1,14,6,0.429,4,5,5,495,26,84,2,91,Critical
0,0,0,3,1,0.333,1,1,0,285,24,45,1,43,Medium
16,0,1,0,0,0.0,0,1,0,53,26,7,1,6,Low
4,0,1,5,3,0.6,1,2,1,384,25,4,0,44,Medium
0,0,0,2,0,0.0,0,1,0,218,59,16,1,7,Low
34,0,1,3,1,0.333,0,0,0,183,17,5,1,4,Low
0,0,0,0,0,0.0,0,1,1,46,25,19,0,10,Low
-10,1,1,24,4,0.167,2,2,2,1006,46,142,1,99,Critical
-15,1,1,5,2,0.4,4,3,4,1749,13,123,0,93,Critical
18,0,1,0,0,0.0,0,3,2,12,10,39,0,43,Medium
7,0,1,0,0,0.0,2,3,2,231,8,42,2,48,Medium
0,0,0,4,2,0.5,1,1,1,599,58,23,1,47,Medium
9,0,1,1,0,0.0,3,1,2,45,14,12,2,49,Medium
0,0,0,11,5,0.455,2,1,3,589,38,20,0,49,Medium
-29,1,1,24,4,0.167,3,3,5,338,58,109,0,96,Critical
0,0,0,1,0,0.0,1,1,1,294,39,8,0,9,Low
9,0,1,0,0,0.0,0,0,1,568,55,12,1,45,Medium
20,0,1,3,0,0.0,1,1,1,380,9,28,1,46,Medium
0,0,0,12,3,0.25,4,1,4,763,54,18,2,63,High
0,0,0,5,1,0.2,2,0,0,551,25,38,0,45,Medium
-1,1,1,18,7,0.389,4,4,3,1378,47,169,0,99,Critical
-13,1,1,24,7,0.292,2,2,3,842,55,96,0,96,Critical
0,0,0,4,2,0.5,1,1,3,266,25,4,2,48,Medium
10,0,1,0,0,0.0,3,1,2,310,48,3,0,48,Medium
-1,1,1,3,1,0.333,2,1,1,91,21,44,0,65,High
52,0,1,2,1,0.5,2,1,1,42,14,6,1,11,Low
-5,1,1,4,1,0.25,3,3,1,499,59,16,2,74,High
0,0,0,1,0,0.0,0,0,1,241,26,1,0,7,Low
33,0,1,0,0,0.0,2,1,1,45,48,7,2,9,Low
51,0,1,5,3,0.6,1,0,2,153,56,16,2,9,Low
19,0,1,11,3,0.273,2,2,1,488,17,27,2,50,Medium
16,0,1,4,1,0.25,1,1,0,83,29,38,0,44,Medium
36,0,1,2,1,0.5,1,0,0,223,10,6,1,12,Low
-5,1,1,19,8,0.421,3,2,3,947,48,18,1,92,Critical
0,0,0,7,4,0.571,3,3,3,415,56,50,1,64,High
50,0,1,1,1,1.0,0,0,2,240,51,4,1,7,Low
55,0,1,0,0,0.0,0,2,2,276,19,0,1,11,Low
0,0,0,2,0,0.0,0,0,1,407,24,7,1,44,Medium
0,0,0,8,3,0.375,3,1,4,872,11,29,1,67,High
-7,1,1,23,4,0.174,4,2,3,627,56,136,1,96,Critical
0,0,0,1,1,1.0,1,1,1,269,17,3,0,39,Low
0,0,0,13,6,0.462,1,4,3,207,51,34,1,66,High
20,0,1,3,0,0.0,1,0,3,183,30,29,1,45,Medium
5,0,1,15,8,0.533,3,2,4,197,54,57,2,73,High
0,0,0,3,1,0.333,1,1,1,42,58,1,0,7,Low
3,0,1,3,1,0.333,2,0,2,580,11,5,0,49,Medium
-5,1,1,6,2,0.333,4,3,2,974,13,15,1,78,High
9,0,1,4,1,0.25,3,0,1,238,23,1,0,49,Medium
-21,1,1,18,5,0.278,3,3,2,1893,34,155,1,100,Critical
-20,1,1,13,12,0.923,2,3,4,1311,27,24,2,91,Critical
0,0,0,0,0,0.0,0,2,1,97,56,8,1,11,Low
23,0,1,4,3,0.75,1,0,0,133,39,1,0,9,Low
49,0,1,0,0,0.0,0,2,0,38,58,18,0,9,Low
0,0,0,7,3,0.429,1,3,3,143,58,45,2,65,High
-14,1,1,10,5,0.5,3,5,4,1997,44,172,2,100,Critical
3,0,1,6,1,0.167,3,1,1,483,55,10,1,46,Medium
-30,1,1,19,1,0.053,4,4,2,1654,40,151,2,100,Critical
16,0,1,1,0,0.0,2,2,0,238,36,20,1,50,Medium
0,0,0,1,1,1.0,1,0,2,46,57,23,1,42,Medium
39,0,1,0,0,0.0,0,0,0,286,30,17,0,5,Low
-8,1,1,6,1,0.167,4,3,4,890,53,172,1,99,Critical
0,0,0,1,0,0.0,1,0,2,262,43,15,0,10,Low
0,0,0,3,2,0.667,0,0,2,102,26,20,2,13,Low
0,0,0,0,0,0.0,1,2,1,424,46,1,1,49,Medium
3,0,1,10,3,0.3,2,2,3,567,18,16,0,54,Medium
-5,1,1,8,5,0.625,4,4,5,872,28,90,1,97,Critical
34,0,1,0,0,0.0,0,0,1,47,38,14,1,10,Low
19,0,1,0,0,0.0,1,2,2,104,53,9,0,47,Medium
4,0,1,6,1,0.167,2,2,2,534,45,59,1,72,High
9,0,1,4,3,0.75,1,1,2,449,27,6,0,44,Medium
-2,1,1,6,2,0.333,3,4,3,744,58,31,0,72,High
-1,1,1,6,5,0.833,3,1,4,682,10,77,1,69,High
10,0,1,0,0,0.0,3,0,0,157,8,32,0,43,Medium
18,0,1,4,3,0.75,1,1,1,518,39,39,1,43,Medium
43,0,1,3,2,0.667,2,0,1,238,50,11,0,10,Low
0,0,0,4,2,0.5,1,1,1,5,18,0,0,10,Low
-5,1,1,15,4,0.267,3,1,4,661,46,24,0,72,High
-3,1,1,13,10,0.769,4,4,5,1328,58,160,0,96,Critical
-9,1,1,5,1,0.2,2,5,5,1731,9,120,1,92,Critical
0,0,0,0,0,0.0,0,1,2,269,26,16,0,10,Low
-2,1,1,7,2,0.286,2,2,1,910,54,68,1,68,High
53,0,1,0,0,0.0,1,1,0,225,33,16,0,8,Low
-8,1,1,15,7,0.467,3,5,4,1492,58,46,1,96,Critical
-15,1,1,6,3,0.5,3,5,2,402,22,94,2,99,Critical
0,0,0,0,0,0.0,0,1,0,256,34,13,0,7,Low
12,0,1,1,1,1.0,2,2,0,149,17,31,0,47,Medium
-5,1,1,4,0,0.0,2,1,1,661,23,20,1,66,High
12,0,1,12,3,0.25,0,3,1,133,60,22,1,46,Medium
0,0,0,1,0,0.0,0,0,1,206,9,2,2,7,Low
-1,1,1,9,3,0.333,2,3,2,989,24,62,1,76,High
-2,1,1,22,9,0.409,2,5,4,935,11,167,1,99,Critical
0,0,0,6,3,0.5,2,0,3,280,26,15,0,48,Medium
1,0,1,10,1,0.1,1,3,1,352,47,67,2,73,High
-17,1,1,7,2,0.286,3,2,2,1421,44,160,1,94,Critical
0,0,0,12,8,0.667,2,1,1,1,41,22,1,51,Medium
0,0,0,2,1,0.5,2,2,1,27,45,33,1,49,Medium
0,0,0,0,0,0.0,0,1,2,79,48,16,0,7,Low
-6,1,1,22,3,0.136,3,3,5,1501,49,130,0,95,Critical
-9,1,1,11,5,0.455,2,3,5,885,47,129,0,96,Critical
9,0,1,9,2,0.222,1,1,1,111,51,34,0,42,Medium
-7,1,1,8,2,0.25,3,5,4,414,39,94,1,91,Critical
10,0,1,2,1,0.5,3,1,3,65,17,40,2,44,Medium
0,0,0,11,2,0.182,2,3,1,5,49,23,0,50,Medium
52,0,1,3,1,0.333,1,1,2,85,28,15,0,9,Low
3,0,1,0,0,0.0,2,0,3,306,25,17,1,46,Medium
0,0,0,4,2,0.5,1,2,1,6,12,37,2,45,Medium
6,0,1,0,0,0.0,0,3,2,196,35,6,1,50,Medium
-4,1,1,15,4,0.267,2,4,4,752,33,55,2,77,High
0,0,0,5,0,0.0,1,1,1,244,59,15,2,10,Low
18,0,1,0,0,0.0,1,1,2,225,58,30,0,38,Low
16,0,1,6,4,0.667,3,2,1,360,37,4,1,46,Medium
52,0,1,1,0,0.0,1,2,1,16,60,18,2,7,Low
33,0,1,2,1,0.5,0,2,0,110,19,14,0,11,Low
42,0,1,2,0,0.0,2,1,2,8,13,3,1,6,Low
0,0,0,12,4,0.333,2,1,2,121,48,42,0,45,Medium
0,0,0,6,0,0.0,4,1,1,423,9,20,1,66,High
-5,1,1,15,10,0.667,3,2,3,1462,48,79,2,97,Critical
-17,1,1,6,1,0.167,2,5,2,1905,14,88,1,100,Critical
-5,1,1,3,1,0.333,2,3,3,617,51,26,1,67,High
-28,1,1,21,14,0.667,3,5,2,1116,27,102,1,98,Critical
0,0,0,0,0,0.0,0,1,0,69,24,12,0,11,Low
12,0,1,2,1,0.5,0,1,2,369,15,24,0,47,Medium
0,0,0,11,0,0.0,3,3,3,875,37,38,0,64,High
-4,1,1,12,3,0.25,2,3,4,860,22,80,2,72,High
0,0,0,5,1,0.2,2,1,1,554,44,11,1,42,Medium
0,0,0,0,0,0.0,0,0,1,136,17,44,0,43,Medium
-24,1,1,25,9,0.36,2,5,2,1788,36,69,2,97,Critical
-2,1,1,12,8,0.667,1,4,1,587,45,10,2,76,High
0,0,0,2,0,0.0,1,1,0,249,17,12,0,8,Low
-1,1,1,5,0,0.0,2,4,1,264,59,73,0,72,High
7,0,1,0,0,0.0,1,1,3,386,19,1,0,43,Medium
14,0,1,11,8,0.727,2,2,3,323,18,41,0,54,Medium
19,0,1,0,0,0.0,0,3,0,101,19,19,1,45,Medium
20,0,1,8,5,0.625,1,1,2,499,34,9,1,47,Medium
12,0,1,0,0,0.0,2,2,3,583,57,32,0,48,Medium
